# Blender 5.2.0 LTS
# www.blender.org
mtllib Ball.mtl
o Sphere
v 0.000000 1.855422 0.000000
v 0.000000 1.536569 -1.020126
v 0.000000 1.026703 -1.526727
v 0.000000 0.360530 -1.800897
v 0.000000 0.000000 -1.836179
v 0.000000 -0.360530 -1.800897
v 0.000000 -1.026703 -1.526727
v 0.000000 -1.855422 0.000000
v 0.072482 1.811183 -0.364392
v 0.137085 1.707344 -0.689174
v 0.199017 1.536569 -1.000525
v 0.253300 1.306744 -1.273427
v 0.297850 1.026703 -1.497391
v 0.330953 0.707205 -1.663812
v 0.351338 0.360530 -1.766294
v 0.358221 0.000000 -1.800897
v 0.351338 -0.360530 -1.766294
v 0.330953 -0.707205 -1.663812
v 0.297850 -1.026703 -1.497391
v 0.253300 -1.306744 -1.273427
v 0.199017 -1.536569 -1.000525
v 0.137085 -1.707344 -0.689174
v 0.072482 -1.811183 -0.364392
v 0.142179 1.811183 -0.343250
v 0.268902 1.707344 -0.649187
v 0.390386 1.536569 -0.942474
v 0.496866 1.306744 -1.199542
v 0.584253 1.026703 -1.410512
v 0.649187 0.707205 -1.567277
v 0.689174 0.360530 -1.663812
v 0.702675 0.000000 -1.696408
v 0.689174 -0.360530 -1.663812
v 0.649187 -0.707205 -1.567277
v 0.584253 -1.026703 -1.410512
v 0.496866 -1.306744 -1.199542
v 0.390386 -1.536569 -0.942474
v 0.268902 -1.707344 -0.649187
v 0.142179 -1.811183 -0.343250
v 0.206411 1.811183 -0.308916
v 0.390386 1.707344 -0.584253
v 0.566752 1.536569 -0.848204
v 0.721338 1.306744 -1.079559
v 0.848204 1.026703 -1.269427
v 0.942474 0.707205 -1.410512
v 1.000525 0.360530 -1.497391
v 1.020127 0.000000 -1.526727
v 1.000525 -0.360530 -1.497391
v 0.942474 -0.707205 -1.410512
v 0.848204 -1.026703 -1.269427
v 0.721338 -1.306744 -1.079559
v 0.566752 -1.536569 -0.848204
v 0.390386 -1.707344 -0.584253
v 0.206411 -1.811183 -0.308916
v 0.262712 1.811183 -0.262712
v 0.496867 1.707344 -0.496866
v 0.721338 1.536569 -0.721338
v 0.918090 1.306744 -0.918090
v 1.079559 1.026703 -1.079559
v 1.199542 0.707205 -1.199542
v 1.273427 0.360530 -1.273427
v 1.298375 0.000000 -1.298375
v 1.273427 -0.360530 -1.273427
v 1.199542 -0.707205 -1.199542
v 1.079559 -1.026703 -1.079559
v 0.918090 -1.306744 -0.918090
v 0.721338 -1.536569 -0.721338
v 0.496866 -1.707344 -0.496866
v 0.262712 -1.811183 -0.262712
v 0.308916 1.811183 -0.206411
v 0.584253 1.707344 -0.390386
v 0.848204 1.536569 -0.566752
v 1.079559 1.306744 -0.721338
v 1.269427 1.026703 -0.848204
v 1.410512 0.707205 -0.942474
v 1.497391 0.360530 -1.000525
v 1.526727 0.000000 -1.020126
v 1.497391 -0.360530 -1.000525
v 1.410512 -0.707205 -0.942474
v 1.269427 -1.026703 -0.848204
v 1.079559 -1.306744 -0.721338
v 0.848204 -1.536569 -0.566752
v 0.584253 -1.707344 -0.390385
v 0.308916 -1.811183 -0.206411
v 0.343250 1.811183 -0.142179
v 0.649187 1.707344 -0.268902
v 0.942474 1.536569 -0.390385
v 1.199542 1.306744 -0.496866
v 1.410512 1.026703 -0.584253
v 1.567277 0.707205 -0.649187
v 1.663812 0.360530 -0.689173
v 1.696408 0.000000 -0.702675
v 1.663812 -0.360530 -0.689173
v 1.567277 -0.707205 -0.649187
v 1.410512 -1.026703 -0.584253
v 1.199542 -1.306744 -0.496866
v 0.942474 -1.536569 -0.390385
v 0.649187 -1.707344 -0.268902
v 0.343250 -1.811183 -0.142179
v 0.364392 1.811183 -0.072482
v 0.689174 1.707344 -0.137085
v 1.000525 1.536569 -0.199017
v 1.273427 1.306744 -0.253300
v 1.497391 1.026703 -0.297850
v 1.663812 0.707205 -0.330953
v 1.766294 0.360530 -0.351337
v 1.800897 0.000000 -0.358221
v 1.766293 -0.360530 -0.351337
v 1.663812 -0.707205 -0.330953
v 1.497391 -1.026703 -0.297850
v 1.273427 -1.306744 -0.253300
v 1.000525 -1.536569 -0.199017
v 0.689174 -1.707344 -0.137085
v 0.364392 -1.811183 -0.072482
v 0.371531 1.811183 0.000000
v 0.702675 1.707344 0.000000
v 1.020126 1.536569 0.000000
v 1.298375 1.306744 0.000000
v 1.526727 1.026703 0.000000
v 1.696408 0.707205 0.000000
v 1.800897 0.360530 0.000000
v 1.836179 0.000000 0.000000
v 1.800897 -0.360530 0.000000
v 1.696408 -0.707205 0.000000
v 1.526727 -1.026703 0.000000
v 1.298375 -1.306744 0.000000
v 1.020126 -1.536569 0.000000
v 0.702675 -1.707344 0.000000
v 0.371531 -1.811183 0.000000
v 0.364392 1.811183 0.072482
v 0.689174 1.707344 0.137085
v 1.000525 1.536569 0.199017
v 1.273427 1.306744 0.253300
v 1.497391 1.026703 0.297850
v 1.663812 0.707205 0.330953
v 1.766293 0.360530 0.351338
v 1.800897 0.000000 0.358221
v 1.766293 -0.360530 0.351338
v 1.663812 -0.707205 0.330953
v 1.497391 -1.026703 0.297850
v 1.273427 -1.306744 0.253300
v 1.000525 -1.536569 0.199017
v 0.689174 -1.707344 0.137085
v 0.364392 -1.811183 0.072482
v 0.343249 1.811183 0.142179
v 0.649187 1.707344 0.268902
v 0.942474 1.536569 0.390386
v 1.199542 1.306744 0.496866
v 1.410512 1.026703 0.584253
v 1.567277 0.707205 0.649187
v 1.663812 0.360530 0.689174
v 1.696408 0.000000 0.702675
v 1.663812 -0.360530 0.689174
v 1.567277 -0.707205 0.649187
v 1.410512 -1.026703 0.584253
v 1.199542 -1.306744 0.496866
v 0.942474 -1.536569 0.390386
v 0.649187 -1.707344 0.268902
v 0.343250 -1.811183 0.142179
v 0.308916 1.811183 0.206411
v 0.584253 1.707344 0.390385
v 0.848204 1.536569 0.566752
v 1.079559 1.306744 0.721338
v 1.269427 1.026703 0.848204
v 1.410512 0.707205 0.942474
v 1.497391 0.360530 1.000525
v 1.526726 0.000000 1.020126
v 1.497391 -0.360530 1.000525
v 1.410512 -0.707205 0.942474
v 1.269427 -1.026703 0.848204
v 1.079559 -1.306744 0.721338
v 0.848204 -1.536569 0.566752
v 0.584253 -1.707344 0.390385
v 0.308916 -1.811183 0.206411
v 0.262712 1.811183 0.262712
v 0.496866 1.707344 0.496866
v 0.721338 1.536569 0.721338
v 0.918089 1.306744 0.918089
v 1.079559 1.026703 1.079559
v 1.199542 0.707205 1.199542
v 1.273426 0.360530 1.273427
v 1.298374 0.000000 1.298375
v 1.273426 -0.360530 1.273427
v 1.199542 -0.707205 1.199542
v 1.079559 -1.026703 1.079559
v 0.918089 -1.306744 0.918090
v 0.721338 -1.536569 0.721338
v 0.496866 -1.707344 0.496866
v 0.262712 -1.811183 0.262712
v 0.206411 1.811183 0.308916
v 0.390385 1.707344 0.584253
v 0.566752 1.536569 0.848204
v 0.721338 1.306744 1.079559
v 0.848204 1.026703 1.269427
v 0.942474 0.707205 1.410512
v 1.000525 0.360530 1.497391
v 1.020126 0.000000 1.526727
v 1.000525 -0.360530 1.497391
v 0.942474 -0.707205 1.410512
v 0.848204 -1.026703 1.269427
v 0.721338 -1.306744 1.079559
v 0.566752 -1.536569 0.848204
v 0.390385 -1.707344 0.584253
v 0.206411 -1.811183 0.308916
v 0.142179 1.811183 0.343249
v 0.268902 1.707344 0.649187
v 0.390385 1.536569 0.942474
v 0.496866 1.306744 1.199542
v 0.584253 1.026703 1.410512
v 0.649187 0.707205 1.567276
v 0.689173 0.360530 1.663812
v 0.702675 0.000000 1.696408
v 0.689173 -0.360530 1.663812
v 0.649187 -0.707205 1.567276
v 0.584253 -1.026703 1.410512
v 0.496866 -1.306744 1.199542
v 0.390385 -1.536569 0.942474
v 0.268902 -1.707344 0.649187
v 0.142179 -1.811183 0.343249
v 0.072482 1.811183 0.364392
v 0.137085 1.707344 0.689173
v 0.199017 1.536569 1.000525
v 0.253300 1.306744 1.273427
v 0.297850 1.026703 1.497391
v 0.330953 0.707205 1.663812
v 0.351337 0.360530 1.766293
v 0.358220 0.000000 1.800897
v 0.351337 -0.360530 1.766293
v 0.330953 -0.707205 1.663812
v 0.297850 -1.026703 1.497391
v 0.253300 -1.306744 1.273427
v 0.199017 -1.536569 1.000525
v 0.137085 -1.707344 0.689173
v 0.072482 -1.811183 0.364392
v -0.000000 1.811183 0.371531
v -0.000000 1.707344 0.702675
v -0.000000 1.536569 1.020126
v -0.000000 1.306744 1.298374
v -0.000000 1.026703 1.526727
v -0.000000 0.707205 1.696408
v -0.000000 0.360530 1.800897
v -0.000000 0.000000 1.836178
v -0.000000 -0.360530 1.800897
v -0.000000 -0.707205 1.696408
v -0.000000 -1.026703 1.526727
v -0.000000 -1.306744 1.298374
v -0.000000 -1.536569 1.020126
v -0.000000 -1.707344 0.702675
v -0.000000 -1.811183 0.371531
v -0.072482 1.811183 0.364392
v -0.137085 1.707344 0.689173
v -0.199017 1.536569 1.000525
v -0.253300 1.306744 1.273427
v -0.297850 1.026703 1.497391
v -0.330953 0.707205 1.663812
v -0.351338 0.360530 1.766293
v -0.358221 0.000000 1.800897
v -0.351338 -0.360530 1.766293
v -0.330953 -0.707205 1.663812
v -0.297850 -1.026703 1.497391
v -0.253300 -1.306744 1.273427
v -0.199017 -1.536569 1.000525
v -0.137085 -1.707344 0.689173
v -0.072482 -1.811183 0.364392
v -0.142179 1.811183 0.343249
v -0.268902 1.707344 0.649187
v -0.390385 1.536569 0.942473
v -0.496866 1.306744 1.199541
v -0.584253 1.026703 1.410511
v -0.649187 0.707205 1.567276
v -0.689174 0.360530 1.663812
v -0.702675 0.000000 1.696407
v -0.689174 -0.360530 1.663812
v -0.649187 -0.707205 1.567276
v -0.584253 -1.026703 1.410511
v -0.496866 -1.306744 1.199541
v -0.390385 -1.536569 0.942473
v -0.268902 -1.707344 0.649187
v -0.142179 -1.811183 0.343249
v -0.206411 1.811183 0.308916
v -0.390385 1.707344 0.584253
v -0.566752 1.536569 0.848204
v -0.721338 1.306744 1.079559
v -0.848204 1.026703 1.269427
v -0.942474 0.707205 1.410512
v -1.000525 0.360530 1.497391
v -1.020126 0.000000 1.526726
v -1.000525 -0.360530 1.497391
v -0.942474 -0.707205 1.410511
v -0.848204 -1.026703 1.269427
v -0.721338 -1.306744 1.079559
v -0.566752 -1.536569 0.848204
v -0.390385 -1.707344 0.584253
v -0.206411 -1.811183 0.308916
v -0.262712 1.811183 0.262712
v -0.496866 1.707344 0.496866
v -0.721338 1.536569 0.721338
v -0.918089 1.306744 0.918089
v -1.079559 1.026703 1.079559
v -1.199541 0.707205 1.199541
v -1.273426 0.360530 1.273426
v -1.298374 0.000000 1.298373
v -1.273427 -0.360530 1.273426
v -1.199541 -0.707205 1.199541
v -1.079559 -1.026703 1.079559
v -0.918089 -1.306744 0.918089
v -0.721338 -1.536569 0.721338
v -0.496866 -1.707344 0.496866
v -0.262712 -1.811183 0.262712
v -0.308916 1.811183 0.206411
v -0.584253 1.707344 0.390385
v -0.848204 1.536569 0.566751
v -1.079559 1.306744 0.721338
v -1.269427 1.026703 0.848204
v -1.410511 0.707205 0.942474
v -1.497391 0.360530 1.000524
v -1.526726 0.000000 1.020125
v -1.497391 -0.360530 1.000524
v -1.410512 -0.707205 0.942474
v -1.269427 -1.026703 0.848204
v -1.079559 -1.306744 0.721338
v -0.848204 -1.536569 0.566751
v -0.584253 -1.707344 0.390385
v -0.308916 -1.811183 0.206411
v -0.343249 1.811183 0.142179
v -0.649187 1.707344 0.268902
v -0.942474 1.536569 0.390385
v -1.199541 1.306744 0.496866
v -1.410512 1.026703 0.584253
v -1.567276 0.707205 0.649187
v -1.663812 0.360530 0.689173
v -1.696407 0.000000 0.702674
v -1.663812 -0.360530 0.689173
v -1.567276 -0.707205 0.649187
v -1.410511 -1.026703 0.584253
v -1.199541 -1.306744 0.496866
v -0.942474 -1.536569 0.390385
v -0.649187 -1.707344 0.268902
v -0.343249 -1.811183 0.142179
v -0.364392 1.811183 0.072482
v -0.689173 1.707344 0.137085
v -1.000525 1.536569 0.199016
v -1.273426 1.306744 0.253300
v -1.497391 1.026703 0.297849
v -1.663812 0.707205 0.330953
v -1.766293 0.360530 0.351337
v -1.800896 0.000000 0.358220
v -1.766293 -0.360530 0.351337
v -1.663812 -0.707205 0.330953
v -1.497391 -1.026703 0.297849
v -1.273426 -1.306744 0.253300
v -1.000524 -1.536569 0.199016
v -0.689173 -1.707344 0.137085
v -0.364392 -1.811183 0.072482
v -0.371530 1.811183 -0.000000
v -0.702675 1.707344 -0.000000
v -1.020126 1.536569 -0.000000
v -1.298374 1.306745 -0.000000
v -1.526726 1.026703 -0.000000
v -1.696408 0.707205 -0.000000
v -1.800897 0.360530 -0.000000
v -1.836178 0.000000 -0.000001
v -1.800896 -0.360530 -0.000000
v -1.696408 -0.707205 -0.000000
v -1.526727 -1.026703 -0.000000
v -1.298374 -1.306745 -0.000000
v -1.020126 -1.536569 -0.000000
v -0.702675 -1.707344 -0.000000
v -0.371530 -1.811183 -0.000000
v -0.364392 1.811183 -0.072482
v -0.689173 1.707344 -0.137085
v -1.000524 1.536569 -0.199017
v -1.273426 1.306744 -0.253300
v -1.497391 1.026702 -0.297850
v -1.663812 0.707205 -0.330953
v -1.766293 0.360530 -0.351338
v -1.800896 0.000000 -0.358221
v -1.766293 -0.360530 -0.351338
v -1.663812 -0.707205 -0.330953
v -1.497391 -1.026703 -0.297850
v -1.273426 -1.306744 -0.253300
v -1.000524 -1.536569 -0.199017
v -0.689173 -1.707344 -0.137085
v -0.364392 -1.811183 -0.072482
v -0.343249 1.811183 -0.142179
v -0.649187 1.707344 -0.268902
v -0.942473 1.536569 -0.390385
v -1.199541 1.306744 -0.496866
v -1.410511 1.026703 -0.584253
v -1.567276 0.707205 -0.649187
v -1.663811 0.360530 -0.689174
v -1.696407 0.000000 -0.702675
v -1.663811 -0.360530 -0.689174
v -1.567276 -0.707205 -0.649187
v -1.410511 -1.026703 -0.584253
v -1.199541 -1.306744 -0.496866
v -0.942473 -1.536569 -0.390385
v -0.649187 -1.707344 -0.268902
v -0.343249 -1.811183 -0.142179
v -0.308916 1.811183 -0.206411
v -0.584253 1.707344 -0.390385
v -0.848203 1.536569 -0.566752
v -1.079559 1.306744 -0.721338
v -1.269426 1.026703 -0.848204
v -1.410511 0.707205 -0.942474
v -1.497390 0.360530 -1.000525
v -1.526726 0.000000 -1.020126
v -1.497390 -0.360530 -1.000525
v -1.410511 -0.707205 -0.942474
v -1.269426 -1.026703 -0.848204
v -1.079559 -1.306744 -0.721338
v -0.848203 -1.536569 -0.566752
v -0.584253 -1.707344 -0.390385
v -0.308916 -1.811183 -0.206411
v -0.262712 1.811183 -0.262712
v -0.496866 1.707344 -0.496866
v -0.721338 1.536569 -0.721338
v -0.918089 1.306744 -0.918089
v -1.079558 1.026703 -1.079559
v -1.199541 0.707205 -1.199541
v -1.273426 0.360530 -1.273426
v -1.298373 0.000000 -1.298374
v -1.273426 -0.360530 -1.273426
v -1.199541 -0.707205 -1.199541
v -1.079558 -1.026703 -1.079559
v -0.918089 -1.306744 -0.918089
v -0.721338 -1.536569 -0.721338
v -0.496866 -1.707344 -0.496866
v -0.262712 -1.811183 -0.262712
v -0.206411 1.811183 -0.308916
v -0.390385 1.707344 -0.584253
v -0.566751 1.536569 -0.848204
v -0.721338 1.306744 -1.079559
v -0.848203 1.026703 -1.269427
v -0.942473 0.707205 -1.410511
v -1.000524 0.360530 -1.497391
v -1.020125 0.000000 -1.526726
v -1.000524 -0.360530 -1.497391
v -0.942473 -0.707205 -1.410511
v -0.848203 -1.026703 -1.269427
v -0.721338 -1.306744 -1.079559
v -0.566751 -1.536569 -0.848204
v -0.390385 -1.707344 -0.584253
v -0.206411 -1.811183 -0.308916
v -0.142178 1.811183 -0.343249
v -0.268902 1.707344 -0.649187
v -0.390385 1.536569 -0.942473
v -0.496866 1.306744 -1.199541
v -0.584253 1.026703 -1.410511
v -0.649187 0.707205 -1.567276
v -0.689173 0.360530 -1.663812
v -0.702674 0.000000 -1.696407
v -0.689173 -0.360530 -1.663811
v -0.649187 -0.707205 -1.567276
v -0.584253 -1.026703 -1.410511
v -0.496866 -1.306744 -1.199541
v -0.390385 -1.536569 -0.942473
v -0.268902 -1.707344 -0.649187
v -0.142178 -1.811183 -0.343249
v -0.072482 1.811183 -0.364392
v -0.137085 1.707344 -0.689173
v -0.199016 1.536569 -1.000524
v -0.253300 1.306744 -1.273427
v -0.297849 1.026703 -1.497391
v -0.330952 0.707205 -1.663812
v -0.351337 0.360530 -1.766293
v -0.358220 0.000000 -1.800896
v -0.351337 -0.360530 -1.766293
v -0.330952 -0.707205 -1.663812
v -0.297849 -1.026703 -1.497391
v -0.253300 -1.306744 -1.273427
v -0.199016 -1.536569 -1.000524
v -0.137085 -1.707344 -0.689173
v -0.072482 -1.811183 -0.364392
v 0.000000 1.811183 -0.371530
v 0.000000 1.707344 -0.702675
v 0.000000 1.306744 -1.298375
v 0.000000 0.707205 -1.696408
v 0.000000 -0.707205 -1.696408
v 0.000000 -1.306744 -1.298374
v 0.000000 -1.536569 -1.020126
v 0.000000 -1.707344 -0.702675
v 0.000000 -1.811183 -0.371530
v 0.000000 0.181137 -1.827330
v 0.000000 -0.181137 -1.827330
v 0.104310 1.768268 -0.524403
v 0.168863 1.629798 -0.848934
v 0.227252 1.428530 -1.142473
v 0.276907 1.172364 -1.392107
v 0.315921 0.871145 -1.588244
v 0.342795 0.536449 -1.723345
v 0.356494 0.181137 -1.792219
v 0.356494 -0.181137 -1.792219
v 0.342795 -0.536449 -1.723345
v 0.315921 -0.871145 -1.588244
v 0.276907 -1.172364 -1.392107
v 0.227252 -1.428530 -1.142473
v 0.168864 -1.629798 -0.848934
v 0.104310 -1.768268 -0.524403
v 0.149645 1.026703 -1.519370
v 0.176518 0.360530 -1.792219
v 0.179976 0.000000 -1.827330
v 0.176518 -0.360530 -1.792219
v 0.099990 1.536569 -1.015210
v 0.149645 -1.026703 -1.519370
v 0.204612 1.768268 -0.493977
v 0.331238 1.629798 -0.799678
v 0.445771 1.428530 -1.076186
v 0.543173 1.172364 -1.311336
v 0.619702 0.871145 -1.496093
v 0.672416 0.536449 -1.623355
v 0.699289 0.181137 -1.688233
v 0.699289 -0.181137 -1.688233
v 0.672416 -0.536449 -1.623355
v 0.619702 -0.871145 -1.496093
v 0.543173 -1.172364 -1.311336
v 0.445771 -1.428530 -1.076186
v 0.331238 -1.629798 -0.799678
v 0.204612 -1.768268 -0.493977
v 0.376897 -1.306744 -1.242462
v 0.443184 -1.026703 -1.460981
v 0.443184 1.026703 -1.460981
v 0.376897 1.306744 -1.242462
v 0.296126 -1.536569 -0.976196
v 0.492439 0.707205 -1.623355
v 0.203975 -1.707344 -0.672416
v 0.522771 0.360530 -1.723345
v 0.108829 -1.810852 -0.358762
v 0.533013 0.000000 -1.757107
v 0.108829 1.810852 -0.358762
v 0.522771 -0.360530 -1.723345
v 0.203975 1.707344 -0.672416
v 0.492439 -0.707205 -1.623355
v 0.296126 1.536569 -0.976196
v 0.297050 1.768268 -0.444567
v 0.480882 1.629798 -0.719691
v 0.647159 1.428530 -0.968542
v 0.788565 1.172364 -1.180171
v 0.899668 0.871145 -1.346448
v 0.976196 0.536449 -1.460981
v 1.015210 0.181137 -1.519370
v 1.015211 -0.181137 -1.519369
v 0.976196 -0.536449 -1.460981
v 0.899668 -0.871145 -1.346448
v 0.788565 -1.172364 -1.180171
v 0.647159 -1.428530 -0.968542
v 0.480882 -1.629798 -0.719691
v 0.297050 -1.768268 -0.444567
v 0.176729 1.810852 -0.330637
v 0.176729 -1.810852 -0.330637
v 0.848934 -0.360530 -1.588244
v 0.865566 0.000000 -1.619359
v 0.331238 1.707344 -0.619702
v 0.799678 -0.707205 -1.496093
v 0.480882 1.536569 -0.899668
v 0.719691 -1.026703 -1.346448
v 0.612047 1.306744 -1.145060
v 0.612047 -1.306744 -1.145060
v 0.719691 1.026703 -1.346448
v 0.480882 -1.536569 -0.899668
v 0.799678 0.707205 -1.496093
v 0.331238 -1.707344 -0.619702
v 0.848934 0.360530 -1.588244
v 0.378073 1.768268 -0.378073
v 0.612047 1.629798 -0.612047
v 0.823677 1.428530 -0.823677
v 1.003653 1.172364 -1.003653
v 1.145060 0.871145 -1.145060
v 1.242462 0.536449 -1.242462
v 1.292118 0.181137 -1.292117
v 1.292118 -0.181137 -1.292117
v 1.242462 -0.536449 -1.242462
v 1.145060 -0.871145 -1.145060
v 1.003653 -1.172364 -1.003653
v 0.823677 -1.428530 -0.823677
v 0.612047 -1.629798 -0.612047
v 0.378073 -1.768268 -0.378073
v 0.968542 1.026703 -1.180171
v 0.823677 1.306744 -1.003653
v 0.647159 -1.536569 -0.788565
v 0.823677 -1.306744 -1.003653
v 1.076186 0.707205 -1.311336
v 0.445771 -1.707344 -0.543173
v 1.142473 0.360530 -1.392107
v 0.237837 -1.810852 -0.289806
v 1.164855 0.000000 -1.419380
v 0.237837 1.810852 -0.289806
v 1.142473 -0.360530 -1.392107
v 0.445771 1.707344 -0.543173
v 1.076186 -0.707205 -1.311336
v 0.647159 1.536569 -0.788565
v 0.968542 -1.026703 -1.180171
v 0.444567 1.768268 -0.297050
v 0.719691 1.629798 -0.480882
v 0.968542 1.428530 -0.647159
v 1.180171 1.172364 -0.788565
v 1.346448 0.871145 -0.899668
v 1.460981 0.536449 -0.976196
v 1.519370 0.181137 -1.015210
v 1.519370 -0.181137 -1.015210
v 1.460981 -0.536449 -0.976196
v 1.346448 -0.871145 -0.899668
v 1.180171 -1.172364 -0.788565
v 0.968542 -1.428530 -0.647159
v 0.719691 -1.629798 -0.480882
v 0.444567 -1.768268 -0.297050
v 1.392107 -0.360530 -1.142473
v 1.419380 0.000000 -1.164855
v 0.543173 1.707344 -0.445771
v 0.289806 1.810852 -0.237837
v 1.311336 -0.707205 -1.076186
v 0.788565 1.536569 -0.647159
v 1.180171 -1.026703 -0.968542
v 1.003653 1.306744 -0.823677
v 1.003653 -1.306744 -0.823677
v 1.180171 1.026703 -0.968542
v 0.788565 -1.536569 -0.647159
v 1.311336 0.707205 -1.076186
v 0.543173 -1.707344 -0.445771
v 1.392107 0.360530 -1.142473
v 0.289806 -1.810852 -0.237837
v 0.493977 1.768268 -0.204612
v 0.799678 1.629798 -0.331238
v 1.076186 1.428530 -0.445771
v 1.311336 1.172364 -0.543173
v 1.496092 0.871145 -0.619702
v 1.623355 0.536449 -0.672416
v 1.688233 0.181137 -0.699289
v 1.688233 -0.181137 -0.699289
v 1.623355 -0.536449 -0.672416
v 1.496093 -0.871145 -0.619702
v 1.311336 -1.172364 -0.543173
v 1.076186 -1.428530 -0.445771
v 0.799678 -1.629798 -0.331237
v 0.493976 -1.768268 -0.204612
v 0.899668 -1.536569 -0.480882
v 1.145060 -1.306744 -0.612047
v 1.496093 0.707205 -0.799678
v 1.346448 1.026703 -0.719691
v 0.619702 -1.707344 -0.331238
v 1.588244 0.360530 -0.848934
v 0.330637 -1.810852 -0.176729
v 1.619359 0.000000 -0.865565
v 0.330637 1.810852 -0.176729
v 1.588243 -0.360530 -0.848934
v 0.619702 1.707344 -0.331238
v 1.496093 -0.707205 -0.799678
v 0.899668 1.536569 -0.480882
v 1.346448 -1.026703 -0.719691
v 1.145060 1.306744 -0.612047
v 0.524403 1.768268 -0.104310
v 0.848934 1.629798 -0.168863
v 1.142473 1.428530 -0.227252
v 1.392107 1.172364 -0.276907
v 1.588243 0.871145 -0.315921
v 1.723344 0.536449 -0.342795
v 1.792218 0.181137 -0.356494
v 1.792219 -0.181137 -0.356494
v 1.723345 -0.536449 -0.342795
v 1.588243 -0.871145 -0.315921
v 1.392107 -1.172364 -0.276907
v 1.142473 -1.428530 -0.227252
v 0.848934 -1.629798 -0.168863
v 0.524403 -1.768268 -0.104310
v 1.623355 -0.707205 -0.492439
v 1.723345 -0.360530 -0.522771
v 0.976196 1.536569 -0.296126
v 0.672416 1.707344 -0.203975
v 1.460981 -1.026703 -0.443184
v 1.242462 1.306744 -0.376897
v 1.242462 -1.306744 -0.376897
v 1.460981 1.026703 -0.443184
v 0.976196 -1.536569 -0.296126
v 1.623355 0.707205 -0.492439
v 0.672416 -1.707344 -0.203975
v 1.723345 0.360530 -0.522771
v 0.358762 -1.810852 -0.108829
v 1.757107 0.000000 -0.533012
v 0.358762 1.810852 -0.108829
v 0.534676 1.768268 0.000000
v 0.865565 1.629798 0.000000
v 1.164855 1.428530 0.000000
v 1.419380 1.172364 0.000000
v 1.619359 0.871145 0.000000
v 1.757107 0.536449 0.000000
v 1.827330 0.181137 0.000000
v 1.827330 -0.181137 0.000000
v 1.757107 -0.536449 0.000000
v 1.619359 -0.871145 0.000000
v 1.419380 -1.172364 0.000000
v 1.164855 -1.428530 0.000000
v 0.865565 -1.629798 0.000000
v 0.534676 -1.768268 0.000000
v 0.699289 -1.707344 -0.068874
v 1.015210 -1.536569 -0.099989
v 1.792219 0.360530 -0.176518
v 1.688233 0.707205 -0.166276
v 0.373100 -1.810852 -0.036747
v 1.827330 0.000000 -0.179976
v 0.373100 1.810852 -0.036747
v 1.792218 -0.360530 -0.176518
v 0.699289 1.707344 -0.068874
v 1.688233 -0.707205 -0.166276
v 1.015210 1.536569 -0.099989
v 1.519369 -1.026703 -0.149645
v 1.292118 1.306744 -0.127262
v 1.292118 -1.306744 -0.127262
v 1.519369 1.026703 -0.149645
v 0.524403 1.768268 0.104310
v 0.848934 1.629798 0.168863
v 1.142473 1.428530 0.227252
v 1.392107 1.172364 0.276907
v 1.588243 0.871145 0.315921
v 1.723345 0.536449 0.342795
v 1.792218 0.181137 0.356495
v 1.792218 -0.181137 0.356495
v 1.723345 -0.536449 0.342795
v 1.588243 -0.871145 0.315921
v 1.392107 -1.172364 0.276907
v 1.142473 -1.428530 0.227252
v 0.848934 -1.629798 0.168864
v 0.524403 -1.768268 0.104310
v 1.015210 1.536569 0.099990
v 0.699289 1.707344 0.068874
v 1.519369 -1.026703 0.149645
v 1.688233 -0.707205 0.166276
v 1.292117 1.306744 0.127262
v 1.292118 -1.306744 0.127263
v 1.519369 1.026703 0.149645
v 1.015210 -1.536569 0.099990
v 1.688233 0.707205 0.166276
v 0.699289 -1.707344 0.068874
v 1.792219 0.360530 0.176518
v 0.373100 -1.810852 0.036747
v 1.827330 0.000000 0.179977
v 0.373100 1.810852 0.036747
v 1.792219 -0.360530 0.176518
v 0.493977 1.768268 0.204612
v 0.799678 1.629798 0.331238
v 1.076186 1.428530 0.445771
v 1.311336 1.172364 0.543173
v 1.496092 0.871145 0.619702
v 1.623355 0.536449 0.672416
v 1.688233 0.181137 0.699289
v 1.688233 -0.181137 0.699289
v 1.623355 -0.536449 0.672416
v 1.496092 -0.871145 0.619702
v 1.311336 -1.172364 0.543173
v 1.076186 -1.428530 0.445771
v 0.799678 -1.629798 0.331238
v 0.493976 -1.768268 0.204612
v 1.723344 0.360530 0.522771
v 1.623355 0.707205 0.492439
v 0.358762 -1.810852 0.108829
v 0.672416 -1.707344 0.203975
v 1.757107 0.000000 0.533013
v 0.358762 1.810852 0.108829
v 1.723344 -0.360530 0.522771
v 0.672416 1.707344 0.203975
v 1.623355 -0.707205 0.492439
v 0.976196 1.536569 0.296126
v 1.460981 -1.026703 0.443184
v 1.242462 1.306744 0.376897
v 1.242462 -1.306744 0.376897
v 1.460981 1.026703 0.443184
v 0.976196 -1.536569 0.296126
v 0.444567 1.768268 0.297050
v 0.719691 1.629798 0.480882
v 0.968542 1.428530 0.647159
v 1.180171 1.172364 0.788565
v 1.346448 0.871145 0.899668
v 1.460981 0.536449 0.976196
v 1.519369 0.181137 1.015210
v 1.519369 -0.181137 1.015210
v 1.460981 -0.536449 0.976196
v 1.346448 -0.871145 0.899668
v 1.180171 -1.172364 0.788565
v 0.968542 -1.428530 0.647159
v 0.719691 -1.629798 0.480882
v 0.444567 -1.768268 0.297050
v 1.346448 -1.026703 0.719691
v 1.496092 -0.707205 0.799678
v 1.145060 1.306744 0.612047
v 0.899668 1.536569 0.480882
v 1.145060 -1.306744 0.612047
v 1.346448 1.026703 0.719691
v 0.899668 -1.536569 0.480882
v 1.496092 0.707205 0.799678
v 0.619702 -1.707344 0.331238
v 1.588243 0.360530 0.848934
v 0.330637 -1.810852 0.176729
v 1.619358 0.000000 0.865565
v 0.330637 1.810852 0.176729
v 1.588243 -0.360530 0.848934
v 0.619702 1.707344 0.331238
v 0.378073 1.768268 0.378073
v 0.612047 1.629798 0.612047
v 0.823677 1.428530 0.823677
v 1.003653 1.172364 1.003653
v 1.145060 0.871145 1.145060
v 1.242462 0.536449 1.242462
v 1.292117 0.181137 1.292118
v 1.292117 -0.181137 1.292118
v 1.242462 -0.536449 1.242462
v 1.145059 -0.871145 1.145060
v 1.003653 -1.172364 1.003653
v 0.823677 -1.428530 0.823677
v 0.612047 -1.629798 0.612047
v 0.378073 -1.768268 0.378073
v 0.289806 -1.810852 0.237837
v 0.543173 -1.707344 0.445771
v 1.419379 0.000000 1.164855
v 1.392107 0.360530 1.142473
v 0.289806 1.810852 0.237837
v 1.392107 -0.360530 1.142473
v 0.543173 1.707344 0.445771
v 1.311336 -0.707205 1.076186
v 0.788565 1.536569 0.647159
v 1.180171 -1.026703 0.968542
v 1.003653 1.306744 0.823677
v 1.003653 -1.306744 0.823677
v 1.180171 1.026703 0.968542
v 0.788565 -1.536569 0.647159
v 1.311336 0.707205 1.076186
v 0.297050 1.768268 0.444567
v 0.480882 1.629798 0.719691
v 0.647159 1.428530 0.968542
v 0.788565 1.172364 1.180171
v 0.899668 0.871145 1.346448
v 0.976196 0.536449 1.460981
v 1.015210 0.181137 1.519369
v 1.015210 -0.181137 1.519369
v 0.976196 -0.536449 1.460981
v 0.899668 -0.871145 1.346448
v 0.788565 -1.172364 1.180171
v 0.647159 -1.428530 0.968542
v 0.480882 -1.629798 0.719691
v 0.297050 -1.768268 0.444567
v 0.823677 1.306744 1.003653
v 0.647159 1.536569 0.788565
v 0.823677 -1.306744 1.003653
v 0.968541 -1.026703 1.180171
v 0.968541 1.026703 1.180171
v 0.647159 -1.536569 0.788565
v 1.076186 0.707205 1.311336
v 0.445771 -1.707344 0.543173
v 1.142473 0.360530 1.392107
v 0.237837 -1.810852 0.289806
v 1.164854 0.000000 1.419380
v 0.237837 1.810852 0.289806
v 1.142473 -0.360530 1.392107
v 0.445771 1.707344 0.543173
v 1.076186 -0.707205 1.311336
v 0.204612 1.768268 0.493976
v 0.331237 1.629798 0.799678
v 0.445771 1.428530 1.076186
v 0.543173 1.172364 1.311336
v 0.619702 0.871145 1.496092
v 0.672416 0.536449 1.623355
v 0.699288 0.181137 1.688233
v 0.699288 -0.181137 1.688233
v 0.672415 -0.536449 1.623355
v 0.619702 -0.871145 1.496092
v 0.543173 -1.172364 1.311336
v 0.445771 -1.428530 1.076186
v 0.331237 -1.629798 0.799678
v 0.204612 -1.768268 0.493976
v 0.865565 0.000000 1.619359
v 0.848933 0.360530 1.588243
v 0.176729 1.810852 0.330637
v 0.176729 -1.810852 0.330637
v 0.848933 -0.360530 1.588243
v 0.331237 1.707344 0.619702
v 0.799678 -0.707205 1.496092
v 0.480882 1.536569 0.899668
v 0.719691 -1.026703 1.346448
v 0.612047 1.306744 1.145060
v 0.612047 -1.306744 1.145060
v 0.719691 1.026703 1.346448
v 0.480882 -1.536569 0.899668
v 0.799678 0.707205 1.496092
v 0.331237 -1.707344 0.619702
v 0.104310 1.768268 0.524402
v 0.168863 1.629798 0.848934
v 0.227252 1.428530 1.142473
v 0.276907 1.172364 1.392107
v 0.315921 0.871145 1.588243
v 0.342794 0.536449 1.723344
v 0.356494 0.181137 1.792218
v 0.356494 -0.181137 1.792218
v 0.342794 -0.536449 1.723344
v 0.315921 -0.871145 1.588243
v 0.276907 -1.172364 1.392107
v 0.227252 -1.428530 1.142473
v 0.168863 -1.629798 0.848934
v 0.104310 -1.768268 0.524402
v 0.376897 -1.306744 1.242462
v 0.443184 -1.026703 1.460981
v 0.443184 1.026703 1.460981
v 0.376897 1.306744 1.242462
v 0.296126 -1.536569 0.976196
v 0.492439 0.707205 1.623355
v 0.203975 -1.707344 0.672416
v 0.522771 0.360530 1.723344
v 0.108829 -1.810852 0.358762
v 0.533012 0.000000 1.757106
v 0.108829 1.810852 0.358762
v 0.522771 -0.360530 1.723344
v 0.203975 1.707344 0.672416
v 0.492439 -0.707205 1.623355
v 0.296126 1.536569 0.976196
v -0.000000 1.768268 0.534676
v -0.000000 1.629798 0.865565
v -0.000000 1.428530 1.164855
v -0.000000 1.172364 1.419380
v -0.000000 0.871145 1.619359
v -0.000000 0.536449 1.757107
v -0.000000 0.181137 1.827329
v -0.000000 -0.181137 1.827330
v -0.000000 -0.536449 1.757107
v -0.000000 -0.871145 1.619359
v -0.000000 -1.172364 1.419380
v -0.000000 -1.428530 1.164855
v -0.000000 -1.629798 0.865565
v -0.000000 -1.768268 0.534676
v 0.036747 -1.810852 0.373100
v 0.176518 -0.360530 1.792218
v 0.179976 0.000000 1.827329
v 0.068874 1.707344 0.699289
v 0.036747 1.810852 0.373100
v 0.166276 -0.707205 1.688233
v 0.099989 1.536569 1.015210
v 0.149645 -1.026703 1.519369
v 0.127262 1.306744 1.292117
v 0.127262 -1.306744 1.292117
v 0.149645 1.026703 1.519369
v 0.099989 -1.536569 1.015210
v 0.166276 0.707205 1.688233
v 0.068874 -1.707344 0.699289
v 0.176518 0.360530 1.792218
v -0.104310 1.768268 0.524402
v -0.168864 1.629798 0.848934
v -0.227252 1.428530 1.142472
v -0.276907 1.172364 1.392107
v -0.315921 0.871145 1.588243
v -0.342795 0.536449 1.723344
v -0.356495 0.181137 1.792218
v -0.356495 -0.181137 1.792218
v -0.342795 -0.536449 1.723344
v -0.315921 -0.871145 1.588243
v -0.276907 -1.172364 1.392107
v -0.227252 -1.428530 1.142473
v -0.168864 -1.629798 0.848934
v -0.104310 -1.768268 0.524402
v -0.099990 -1.536569 1.015210
v -0.127263 -1.306744 1.292117
v -0.166276 0.707205 1.688233
v -0.149645 1.026703 1.519369
v -0.068874 -1.707344 0.699289
v -0.176518 0.360530 1.792218
v -0.036747 -1.810852 0.373100
v -0.179977 0.000000 1.827329
v -0.036747 1.810852 0.373100
v -0.176518 -0.360530 1.792218
v -0.068874 1.707344 0.699289
v -0.166276 -0.707205 1.688233
v -0.099990 1.536569 1.015210
v -0.149645 -1.026703 1.519369
v -0.127263 1.306744 1.292117
v -0.204612 1.768268 0.493976
v -0.331238 1.629798 0.799678
v -0.445771 1.428530 1.076185
v -0.543173 1.172364 1.311336
v -0.619702 0.871145 1.496092
v -0.672416 0.536449 1.623355
v -0.699289 0.181137 1.688232
v -0.699289 -0.181137 1.688232
v -0.672416 -0.536449 1.623355
v -0.619702 -0.871145 1.496092
v -0.543173 -1.172364 1.311336
v -0.445771 -1.428530 1.076185
v -0.331238 -1.629798 0.799678
v -0.204612 -1.768268 0.493976
v -0.203975 1.707344 0.672415
v -0.108829 1.810852 0.358762
v -0.492439 -0.707205 1.623355
v -0.522771 -0.360530 1.723344
v -0.296126 1.536569 0.976196
v -0.443184 -1.026703 1.460981
v -0.376897 1.306744 1.242462
v -0.376897 -1.306744 1.242462
v -0.443184 1.026703 1.460981
v -0.296126 -1.536569 0.976196
v -0.492439 0.707205 1.623355
v -0.203975 -1.707344 0.672416
v -0.522771 0.360530 1.723344
v -0.108829 -1.810852 0.358762
v -0.533013 0.000000 1.757106
v -0.297050 1.768268 0.444567
v -0.480882 1.629798 0.719691
v -0.647159 1.428530 0.968541
v -0.788565 1.172364 1.180171
v -0.899668 0.871145 1.346447
v -0.976196 0.536449 1.460981
v -1.015210 0.181137 1.519369
v -1.015210 -0.181137 1.519369
v -0.976196 -0.536449 1.460981
v -0.899667 -0.871145 1.346447
v -0.788565 -1.172364 1.180171
v -0.647159 -1.428530 0.968541
v -0.480882 -1.629798 0.719691
v -0.297050 -1.768268 0.444567
v -0.799678 0.707205 1.496092
v -0.719691 1.026703 1.346447
v -0.331237 -1.707344 0.619702
v -0.480882 -1.536569 0.899667
v -0.848934 0.360530 1.588243
v -0.176729 -1.810852 0.330637
v -0.865565 0.000000 1.619358
v -0.176729 1.810852 0.330637
v -0.848934 -0.360530 1.588243
v -0.331238 1.707344 0.619702
v -0.799678 -0.707205 1.496092
v -0.480882 1.536569 0.899667
v -0.719691 -1.026703 1.346447
v -0.612047 1.306744 1.145059
v -0.612047 -1.306744 1.145060
v -0.378073 1.768268 0.378073
v -0.612047 1.629798 0.612047
v -0.823677 1.428530 0.823677
v -1.003653 1.172364 1.003653
v -1.145059 0.871145 1.145059
v -1.242462 0.536449 1.242462
v -1.292117 0.181137 1.292117
v -1.292117 -0.181137 1.292117
v -1.242462 -0.536449 1.242462
v -1.145059 -0.871145 1.145059
v -1.003653 -1.172364 1.003653
v -0.823677 -1.428530 0.823677
v -0.612047 -1.629798 0.612047
v -0.378073 -1.768268 0.378073
v -1.076185 -0.707205 1.311336
v -1.142473 -0.360530 1.392106
v -0.647159 1.536569 0.788565
v -0.445771 1.707344 0.543173
v -0.968541 -1.026703 1.180171
v -0.823677 1.306744 1.003653
v -0.823677 -1.306744 1.003653
v -0.968541 1.026703 1.180171
v -0.647159 -1.536569 0.788565
v -1.076185 0.707205 1.311336
v -0.445771 -1.707344 0.543173
v -1.142473 0.360530 1.392106
v -0.237837 -1.810852 0.289805
v -1.164855 0.000000 1.419379
v -0.237837 1.810852 0.289805
v -0.444567 1.768268 0.297050
v -0.719691 1.629798 0.480882
v -0.968541 1.428530 0.647158
v -1.180171 1.172364 0.788565
v -1.346447 0.871145 0.899667
v -1.460981 0.536449 0.976196
v -1.519369 0.181137 1.015209
v -1.519369 -0.181137 1.015209
v -1.460981 -0.536449 0.976196
v -1.346447 -0.871145 0.899667
v -1.180171 -1.172364 0.788565
v -0.968541 -1.428530 0.647158
v -0.719691 -1.629798 0.480882
v -0.444567 -1.768268 0.297050
v -0.543173 -1.707344 0.445771
v -0.788565 -1.536569 0.647158
v -1.392107 0.360530 1.142472
v -1.311336 0.707205 1.076185
v -0.289805 -1.810852 0.237837
v -1.419380 0.000000 1.164854
v -0.289805 1.810852 0.237837
v -1.392107 -0.360530 1.142472
v -0.543173 1.707344 0.445771
v -1.311336 -0.707205 1.076185
v -0.788565 1.536569 0.647158
v -1.180171 -1.026703 0.968541
v -1.003653 1.306744 0.823677
v -1.003653 -1.306744 0.823677
v -1.180171 1.026703 0.968541
v -0.493976 1.768268 0.204612
v -0.799678 1.629798 0.331237
v -1.076186 1.428530 0.445770
v -1.311336 1.172364 0.543173
v -1.496092 0.871145 0.619702
v -1.623355 0.536449 0.672415
v -1.688232 0.181137 0.699288
v -1.688232 -0.181137 0.699288
v -1.623355 -0.536449 0.672415
v -1.496092 -0.871145 0.619702
v -1.311336 -1.172364 0.543173
v -1.076185 -1.428530 0.445770
v -0.799678 -1.629798 0.331237
v -0.493976 -1.768268 0.204612
v -0.899667 1.536569 0.480882
v -0.619702 1.707344 0.331237
v -1.346447 -1.026703 0.719691
v -1.496092 -0.707205 0.799678
v -1.145059 1.306744 0.612047
v -1.145060 -1.306744 0.612047
v -1.346447 1.026703 0.719691
v -0.899667 -1.536569 0.480882
v -1.496092 0.707205 0.799678
v -0.619702 -1.707344 0.331237
v -1.588243 0.360530 0.848933
v -0.330637 -1.810852 0.176729
v -1.619358 0.000000 0.865564
v -0.330637 1.810852 0.176729
v -1.588243 -0.360530 0.848933
v -0.524402 1.768268 0.104310
v -0.848933 1.629798 0.168863
v -1.142472 1.428530 0.227252
v -1.392107 1.172364 0.276907
v -1.588243 0.871145 0.315921
v -1.723344 0.536449 0.342794
v -1.792218 0.181137 0.356494
v -1.792218 -0.181137 0.356494
v -1.723344 -0.536449 0.342794
v -1.588243 -0.871145 0.315921
v -1.392107 -1.172364 0.276907
v -1.142472 -1.428530 0.227252
v -0.848933 -1.629798 0.168863
v -0.524402 -1.768268 0.104310
v -1.723344 0.360530 0.522770
v -1.623355 0.707205 0.492439
v -0.358762 -1.810852 0.108829
v -0.672415 -1.707344 0.203975
v -1.757106 0.000000 0.533012
v -0.358762 1.810852 0.108829
v -1.723344 -0.360530 0.522770
v -0.672415 1.707344 0.203975
v -1.623355 -0.707205 0.492439
v -0.976196 1.536569 0.296126
v -1.460981 -1.026703 0.443183
v -1.242462 1.306744 0.376897
v -1.242462 -1.306744 0.376897
v -1.460981 1.026703 0.443183
v -0.976196 -1.536569 0.296126
v -0.534676 1.768268 -0.000000
v -0.865565 1.629798 -0.000000
v -1.164855 1.428530 -0.000000
v -1.419380 1.172364 -0.000000
v -1.619358 0.871145 -0.000000
v -1.757106 0.536449 -0.000000
v -1.827329 0.181136 -0.000001
v -1.827329 -0.181136 -0.000001
v -1.757106 -0.536449 -0.000000
v -1.619358 -0.871145 -0.000000
v -1.419380 -1.172364 -0.000000
v -1.164855 -1.428530 -0.000000
v -0.865565 -1.629798 -0.000000
v -0.534676 -1.768268 -0.000000
v -1.519369 -1.026703 0.149645
v -1.688233 -0.707205 0.166276
v -1.292117 1.306744 0.127262
v -1.015210 1.536569 0.099989
v -1.292117 -1.306744 0.127262
v -1.519369 1.026703 0.149645
v -1.015210 -1.536569 0.099989
v -1.688232 0.707205 0.166276
v -0.699289 -1.707344 0.068874
v -1.792218 0.360530 0.176518
v -0.373100 -1.810852 0.036747
v -1.827329 -0.000000 0.179975
v -0.373100 1.810852 0.036747
v -1.792218 -0.360530 0.176518
v -0.699289 1.707344 0.068874
v -0.524402 1.768268 -0.104310
v -0.848933 1.629798 -0.168864
v -1.142472 1.428530 -0.227252
v -1.392106 1.172364 -0.276907
v -1.588243 0.871145 -0.315921
v -1.723344 0.536449 -0.342795
v -1.792217 0.181137 -0.356495
v -1.792217 -0.181137 -0.356495
v -1.723344 -0.536449 -0.342795
v -1.588243 -0.871145 -0.315921
v -1.392106 -1.172364 -0.276907
v -1.142472 -1.428530 -0.227252
v -0.848933 -1.629798 -0.168864
v -0.524402 -1.768268 -0.104310
v -0.373100 -1.810852 -0.036747
v -0.699289 -1.707344 -0.068874
v -1.827329 0.000000 -0.179977
v -1.792218 0.360530 -0.176519
v -0.373100 1.810852 -0.036747
v -1.792218 -0.360530 -0.176519
v -0.699289 1.707344 -0.068874
v -1.688232 -0.707205 -0.166277
v -1.015210 1.536569 -0.099990
v -1.519369 -1.026703 -0.149645
v -1.292117 1.306744 -0.127263
v -1.292117 -1.306744 -0.127263
v -1.519369 1.026702 -0.149645
v -1.015210 -1.536569 -0.099990
v -1.688232 0.707205 -0.166277
v -0.493976 1.768268 -0.204612
v -0.799678 1.629798 -0.331238
v -1.076185 1.428530 -0.445771
v -1.311336 1.172364 -0.543173
v -1.496092 0.871145 -0.619702
v -1.623354 0.536449 -0.672416
v -1.688232 0.181137 -0.699289
v -1.688232 -0.181137 -0.699289
v -1.623354 -0.536449 -0.672416
v -1.496092 -0.871145 -0.619702
v -1.311336 -1.172364 -0.543173
v -1.076185 -1.428530 -0.445771
v -0.799678 -1.629798 -0.331237
v -0.493976 -1.768268 -0.204612
v -1.242462 -1.306744 -0.376897
v -1.460980 -1.026703 -0.443184
v -1.460980 1.026703 -0.443184
v -1.242462 1.306744 -0.376897
v -0.976196 -1.536569 -0.296126
v -1.623354 0.707205 -0.492439
v -0.672415 -1.707344 -0.203975
v -1.723344 0.360530 -0.522771
v -0.358762 -1.810852 -0.108829
v -1.757105 0.000000 -0.533013
v -0.358762 1.810852 -0.108829
v -1.723344 -0.360530 -0.522771
v -0.672415 1.707344 -0.203975
v -1.623355 -0.707205 -0.492439
v -0.976196 1.536569 -0.296126
v -0.444567 1.768268 -0.297050
v -0.719691 1.629798 -0.480882
v -0.968541 1.428530 -0.647159
v -1.180171 1.172364 -0.788565
v -1.346447 0.871145 -0.899667
v -1.460980 0.536449 -0.976196
v -1.519368 0.181137 -1.015210
v -1.519368 -0.181137 -1.015210
v -1.460980 -0.536449 -0.976196
v -1.346447 -0.871145 -0.899667
v -1.180171 -1.172364 -0.788565
v -0.968541 -1.428530 -0.647159
v -0.719691 -1.629798 -0.480882
v -0.444567 -1.768268 -0.297050
v -0.330637 1.810852 -0.176729
v -0.330637 -1.810852 -0.176729
v -1.588243 -0.360530 -0.848934
v -1.619358 0.000000 -0.865565
v -0.619702 1.707344 -0.331237
v -1.496092 -0.707205 -0.799678
v -0.899667 1.536569 -0.480882
v -1.346447 -1.026703 -0.719691
v -1.145059 1.306744 -0.612047
v -1.145059 -1.306744 -0.612047
v -1.346447 1.026703 -0.719691
v -0.899667 -1.536569 -0.480882
v -1.496092 0.707205 -0.799678
v -0.619702 -1.707344 -0.331237
v -1.588243 0.360530 -0.848934
v -0.378073 1.768268 -0.378073
v -0.612047 1.629798 -0.612047
v -0.823676 1.428530 -0.823677
v -1.003653 1.172364 -1.003653
v -1.145059 0.871145 -1.145059
v -1.242462 0.536449 -1.242462
v -1.292116 0.181137 -1.292117
v -1.292116 -0.181137 -1.292117
v -1.242461 -0.536449 -1.242462
v -1.145059 -0.871145 -1.145059
v -1.003653 -1.172364 -1.003653
v -0.823676 -1.428530 -0.823677
v -0.612047 -1.629798 -0.612047
v -0.378073 -1.768268 -0.378073
v -1.180171 1.026703 -0.968541
v -1.003653 1.306744 -0.823677
v -0.788565 -1.536569 -0.647159
v -1.003653 -1.306744 -0.823677
v -1.311336 0.707205 -1.076185
v -0.543173 -1.707344 -0.445771
v -1.392106 0.360530 -1.142473
v -0.289805 -1.810852 -0.237837
v -1.419379 0.000000 -1.164855
v -0.289805 1.810852 -0.237837
v -1.392106 -0.360530 -1.142472
v -0.543173 1.707344 -0.445771
v -1.311335 -0.707205 -1.076185
v -0.788565 1.536569 -0.647159
v -1.180171 -1.026703 -0.968541
v -0.297050 1.768268 -0.444567
v -0.480882 1.629798 -0.719691
v -0.647158 1.428530 -0.968541
v -0.788565 1.172364 -1.180171
v -0.899667 0.871145 -1.346447
v -0.976196 0.536449 -1.460980
v -1.015209 0.181137 -1.519369
v -1.015209 -0.181137 -1.519369
v -0.976196 -0.536449 -1.460980
v -0.899667 -0.871145 -1.346447
v -0.788565 -1.172364 -1.180171
v -0.647158 -1.428530 -0.968541
v -0.480882 -1.629798 -0.719691
v -0.297050 -1.768268 -0.444567
v -1.142472 -0.360530 -1.392107
v -1.164854 0.000000 -1.419379
v -0.445770 1.707344 -0.543173
v -0.237837 1.810852 -0.289805
v -1.076185 -0.707205 -1.311336
v -0.647158 1.536569 -0.788565
v -0.968541 -1.026703 -1.180171
v -0.823677 1.306744 -1.003653
v -0.823677 -1.306744 -1.003653
v -0.968541 1.026703 -1.180171
v -0.647158 -1.536569 -0.788565
v -1.076185 0.707205 -1.311336
v -0.445770 -1.707344 -0.543173
v -1.142472 0.360530 -1.392107
v -0.237837 -1.810852 -0.289805
v -0.204612 1.768268 -0.493976
v -0.331237 1.629798 -0.799678
v -0.445770 1.428530 -1.076185
v -0.543173 1.172364 -1.311336
v -0.619701 0.871145 -1.496092
v -0.672415 0.536449 -1.623355
v -0.699288 0.181137 -1.688232
v -0.699288 -0.181137 -1.688232
v -0.672415 -0.536449 -1.623355
v -0.619701 -0.871145 -1.496092
v -0.543173 -1.172364 -1.311336
v -0.445770 -1.428530 -1.076185
v -0.331237 -1.629798 -0.799678
v -0.204612 -1.768268 -0.493976
v -0.480882 -1.536569 -0.899667
v -0.612047 -1.306744 -1.145059
v -0.799678 0.707205 -1.496092
v -0.719691 1.026703 -1.346447
v -0.331237 -1.707344 -0.619702
v -0.848933 0.360530 -1.588243
v -0.176729 -1.810852 -0.330637
v -0.865564 0.000000 -1.619358
v -0.176729 1.810852 -0.330637
v -0.848933 -0.360530 -1.588243
v -0.331237 1.707344 -0.619702
v -0.799678 -0.707205 -1.496092
v -0.480882 1.536569 -0.899667
v -0.719691 -1.026703 -1.346447
v -0.612047 1.306744 -1.145059
v -0.104310 1.768268 -0.524402
v -0.168863 1.629798 -0.848933
v -0.227252 1.428530 -1.142472
v -0.276907 1.172364 -1.392107
v -0.315921 0.871145 -1.588243
v -0.342794 0.536449 -1.723344
v -0.356494 0.181137 -1.792218
v -0.356494 -0.181137 -1.792218
v -0.342794 -0.536449 -1.723344
v -0.315921 -0.871145 -1.588243
v -0.276907 -1.172364 -1.392107
v -0.227252 -1.428530 -1.142472
v -0.168863 -1.629798 -0.848933
v -0.104310 -1.768268 -0.524402
v -0.203975 1.707344 -0.672415
v -0.108829 1.810852 -0.358762
v -0.492439 -0.707205 -1.623354
v -0.522770 -0.360530 -1.723344
v -0.296125 1.536569 -0.976196
v -0.443183 -1.026703 -1.460980
v -0.376896 1.306744 -1.242462
v -0.376896 -1.306744 -1.242462
v -0.443183 1.026703 -1.460980
v -0.296125 -1.536569 -0.976196
v -0.492439 0.707205 -1.623355
v -0.203975 -1.707344 -0.672415
v -0.522770 0.360530 -1.723344
v -0.108829 -1.810852 -0.358762
v -0.533011 0.000000 -1.757106
v 0.000000 1.768268 -0.534676
v 0.000000 -1.428530 -1.164855
v 0.000000 -1.629798 -0.865565
v 0.000000 -1.768268 -0.534676
v -0.166276 0.707205 -1.688232
v -0.068874 -1.707344 -0.699289
v -0.099989 -1.536569 -1.015210
v -0.036747 -1.810852 -0.373100
v -0.036747 1.810852 -0.373100
v -0.068874 1.707344 -0.699289
v -0.166276 -0.707205 -1.688232
v -0.127262 1.306744 -1.292117
v -0.127262 -1.306744 -1.292117
v 0.000000 1.836422 -0.219730
v 0.000000 1.629798 -0.865565
v 0.000000 1.428530 -1.164855
v 0.000000 1.172364 -1.419380
v 0.000000 0.871145 -1.619359
v 0.000000 0.536449 -1.757107
v 0.000000 -0.536449 -1.757107
v 0.000000 -0.871145 -1.619359
v 0.000000 -1.172364 -1.419380
v 0.000000 -1.836422 -0.219730
v 0.042867 1.836422 -0.215508
v 0.042867 -1.836422 -0.215508
v 0.099990 -1.536569 -1.015210
v 0.127263 -1.306744 -1.292117
v 0.166276 0.707205 -1.688233
v 0.068874 -1.707344 -0.699289
v 0.036747 -1.810852 -0.373100
v 0.036747 1.810852 -0.373100
v 0.068874 1.707344 -0.699289
v 0.166276 -0.707205 -1.688233
v 0.127263 1.306744 -1.292118
v 0.084087 1.836422 -0.203004
v 0.084087 -1.836422 -0.203004
v 0.122075 1.836422 -0.182699
v 0.122075 -1.836421 -0.182699
v 0.155372 1.836422 -0.155372
v 0.155372 -1.836422 -0.155372
v 0.182699 1.836421 -0.122075
v 0.182699 -1.836422 -0.122075
v 0.203004 1.836422 -0.084087
v 0.203004 -1.836422 -0.084087
v 0.215508 1.836422 -0.042867
v 0.215508 -1.836422 -0.042867
v 0.219730 1.836422 0.000000
v 0.219730 -1.836422 0.000000
v 0.215508 1.836422 0.042867
v 0.215508 -1.836422 0.042867
v 0.203004 1.836422 0.084087
v 0.203004 -1.836422 0.084087
v 0.182699 1.836422 0.122075
v 0.182699 -1.836422 0.122075
v 0.155372 1.836422 0.155372
v 0.155372 -1.836422 0.155372
v 0.122075 1.836422 0.182699
v 0.122075 -1.836422 0.182699
v 0.084087 1.836422 0.203004
v 0.084087 -1.836421 0.203004
v 0.042867 1.836422 0.215508
v 0.042867 -1.836422 0.215508
v -0.000000 1.836421 0.219730
v -0.000000 -1.836421 0.219730
v -0.042867 1.836422 0.215508
v -0.042867 -1.836422 0.215508
v -0.084087 1.836421 0.203004
v -0.084087 -1.836422 0.203004
v -0.122075 1.836422 0.182699
v -0.122075 -1.836422 0.182699
v -0.155372 1.836422 0.155372
v -0.155372 -1.836422 0.155372
v -0.182699 1.836422 0.122075
v -0.182699 -1.836422 0.122075
v -0.203004 1.836422 0.084087
v -0.203004 -1.836422 0.084087
v -0.215508 1.836422 0.042867
v -0.215508 -1.836422 0.042867
v -0.219730 1.836422 -0.000000
v -0.219730 -1.836422 -0.000000
v -0.215508 1.836422 -0.042867
v -0.215508 -1.836422 -0.042867
v -0.203004 1.836422 -0.084087
v -0.203004 -1.836422 -0.084087
v -0.182698 1.836422 -0.122075
v -0.182698 -1.836421 -0.122075
v -0.155372 1.836422 -0.155372
v -0.155372 -1.836422 -0.155372
v -0.122075 1.836422 -0.182699
v -0.122075 -1.836422 -0.182698
v -0.084087 1.836422 -0.203004
v -0.084087 -1.836422 -0.203004
v -0.042867 1.836422 -0.215508
v -0.042867 -1.836422 -0.215508
v -0.149645 1.026703 -1.519369
v -0.176518 0.360530 -1.792218
v -0.179976 0.000000 -1.827330
v -0.176518 -0.360530 -1.792218
v -0.099989 1.536569 -1.015210
v -0.149645 -1.026703 -1.519369
v 0.114175 -1.428530 -1.159241
v 0.158724 0.871145 -1.611555
v 0.084840 -1.629798 -0.861394
v 0.172226 0.536448 -1.748639
v 0.052449 -1.768227 -0.532519
v 0.179109 0.181136 -1.818524
v 0.024792 1.832532 -0.251716
v 0.024792 -1.832532 -0.251716
v 0.179109 -0.181137 -1.818524
v 0.052449 1.768227 -0.532519
v 0.172226 -0.536448 -1.748639
v 0.084840 1.629798 -0.861394
v 0.158724 -0.871145 -1.611555
v 0.114175 1.428530 -1.159242
v 0.139123 -1.172364 -1.412540
v 0.139123 1.172364 -1.412540
v 0.412023 -1.172364 -1.358257
v 0.412023 1.172364 -1.358257
v 0.338138 -1.428530 -1.114693
v 0.470073 0.871145 -1.549624
v 0.251259 -1.629798 -0.828291
v 0.510059 0.536448 -1.681440
v 0.155330 -1.768227 -0.512055
v 0.530444 0.181136 -1.748639
v 0.073423 1.832532 -0.242043
v 0.073423 -1.832532 -0.242043
v 0.530444 -0.181137 -1.748639
v 0.155330 1.768227 -0.512055
v 0.510059 -0.536448 -1.681440
v 0.251259 1.629798 -0.828291
v 0.470073 -0.871145 -1.549624
v 0.338138 1.428530 -1.114693
v 0.119232 1.832532 -0.223068
v 0.119232 -1.832532 -0.223068
v 0.861394 -0.181137 -1.611555
v 0.252243 1.768227 -0.471913
v 0.828291 -0.536448 -1.549624
v 0.408023 1.629798 -0.763358
v 0.763358 -0.871145 -1.428141
v 0.549107 1.428530 -1.027306
v 0.669089 -1.172364 -1.251777
v 0.669089 1.172364 -1.251776
v 0.549107 -1.428530 -1.027306
v 0.763358 0.871145 -1.428141
v 0.408023 -1.629798 -0.763358
v 0.828291 0.536448 -1.549624
v 0.252243 -1.768227 -0.471913
v 0.861394 0.181136 -1.611555
v 0.900442 1.172364 -1.097191
v 0.738973 -1.428530 -0.900442
v 1.027306 0.871145 -1.251776
v 0.549107 -1.629798 -0.669088
v 1.114693 0.536448 -1.358257
v 0.339461 -1.768227 -0.413635
v 1.159241 0.181136 -1.412540
v 0.160460 1.832532 -0.195521
v 0.160460 -1.832532 -0.195521
v 1.159242 -0.181137 -1.412540
v 0.339461 1.768227 -0.413635
v 1.114693 -0.536448 -1.358257
v 0.549107 1.629798 -0.669089
v 1.027306 -0.871145 -1.251777
v 0.738973 1.428530 -0.900442
v 0.900442 -1.172364 -1.097191
v 1.412540 -0.181137 -1.159241
v 0.413635 1.768227 -0.339461
v 1.358257 -0.536448 -1.114692
v 0.669089 1.629798 -0.549107
v 1.251776 -0.871145 -1.027306
v 0.900442 1.428530 -0.738973
v 1.097191 -1.172364 -0.900442
v 1.097191 1.172364 -0.900442
v 0.900442 -1.428530 -0.738973
v 1.251776 0.871145 -1.027306
v 0.669089 -1.629798 -0.549107
v 1.358257 0.536448 -1.114692
v 0.413635 -1.768227 -0.339461
v 1.412540 0.181136 -1.159241
v 0.195521 1.832532 -0.160460
v 0.195521 -1.832532 -0.160460
v 1.027307 -1.428530 -0.549107
v 1.428141 0.871145 -0.763358
v 0.763358 -1.629798 -0.408023
v 1.549624 0.536448 -0.828291
v 0.471913 -1.768227 -0.252243
v 1.611555 0.181136 -0.861394
v 0.223068 1.832532 -0.119232
v 0.223068 -1.832532 -0.119232
v 1.611555 -0.181137 -0.861394
v 0.471913 1.768227 -0.252243
v 1.549624 -0.536448 -0.828291
v 0.763358 1.629798 -0.408023
v 1.428141 -0.871145 -0.763357
v 1.027307 1.428530 -0.549107
v 1.251777 -1.172364 -0.669088
v 1.251777 1.172364 -0.669088
v 1.681440 -0.536448 -0.510059
v 0.828291 1.629798 -0.251259
v 1.549624 -0.871145 -0.470073
v 1.114693 1.428530 -0.338138
v 1.358256 -1.172364 -0.412023
v 1.358257 1.172364 -0.412023
v 1.114693 -1.428530 -0.338138
v 1.549624 0.871145 -0.470073
v 0.828291 -1.629798 -0.251259
v 1.681440 0.536448 -0.510059
v 0.512055 -1.768227 -0.155330
v 1.748639 0.181136 -0.530444
v 0.242043 1.832532 -0.073423
v 0.242043 -1.832532 -0.073423
v 1.748639 -0.181137 -0.530444
v 0.512055 1.768227 -0.155330
v 0.861394 -1.629798 -0.084840
v 1.748639 0.536448 -0.172226
v 0.532520 -1.768227 -0.052449
v 1.818524 0.181136 -0.179109
v 0.251716 1.832532 -0.024792
v 0.251716 -1.832532 -0.024792
v 1.818524 -0.181137 -0.179109
v 0.532520 1.768227 -0.052449
v 1.748639 -0.536448 -0.172226
v 0.861394 1.629798 -0.084840
v 1.611555 -0.871145 -0.158724
v 1.159242 1.428530 -0.114175
v 1.412540 -1.172364 -0.139123
v 1.412540 1.172364 -0.139123
v 1.159242 -1.428530 -0.114175
v 1.611555 0.871145 -0.158724
v 0.861394 1.629798 0.084840
v 1.611555 -0.871145 0.158724
v 1.159241 1.428530 0.114175
v 1.412540 -1.172364 0.139123
v 1.412540 1.172364 0.139123
v 1.159241 -1.428530 0.114175
v 1.611555 0.871145 0.158724
v 0.861394 -1.629798 0.084840
v 1.748639 0.536448 0.172226
v 0.532520 -1.768227 0.052449
v 1.818524 0.181136 0.179109
v 0.251716 1.832532 0.024792
v 0.251716 -1.832532 0.024792
v 1.818524 -0.181137 0.179109
v 0.532520 1.768227 0.052449
v 1.748639 -0.536448 0.172226
v 1.681440 0.536448 0.510059
v 0.512055 -1.768227 0.155330
v 1.748639 0.181136 0.530444
v 0.242043 1.832532 0.073423
v 0.242043 -1.832532 0.073423
v 1.748639 -0.181137 0.530444
v 0.512055 1.768227 0.155330
v 1.681440 -0.536448 0.510059
v 0.828291 1.629798 0.251259
v 1.549624 -0.871145 0.470073
v 1.114692 1.428530 0.338138
v 1.358256 -1.172364 0.412023
v 1.358256 1.172364 0.412023
v 1.114693 -1.428530 0.338138
v 1.549623 0.871145 0.470073
v 0.828291 -1.629798 0.251259
v 1.428141 -0.871145 0.763358
v 1.027306 1.428530 0.549107
v 1.251776 -1.172364 0.669089
v 1.251776 1.172364 0.669088
v 1.027306 -1.428530 0.549107
v 1.428141 0.871145 0.763358
v 0.763357 -1.629798 0.408023
v 1.549624 0.536448 0.828291
v 0.471913 -1.768227 0.252243
v 1.611555 0.181136 0.861394
v 0.223068 1.832532 0.119232
v 0.223068 -1.832532 0.119232
v 1.611555 -0.181137 0.861394
v 0.471913 1.768227 0.252243
v 1.549624 -0.536448 0.828291
v 0.763357 1.629798 0.408023
v 0.413635 -1.768227 0.339461
v 1.412539 0.181136 1.159241
v 0.195521 1.832532 0.160460
v 0.195521 -1.832532 0.160460
v 1.412539 -0.181137 1.159241
v 0.413635 1.768227 0.339461
v 1.358256 -0.536448 1.114693
v 0.669088 1.629798 0.549107
v 1.251776 -0.871145 1.027306
v 0.900441 1.428530 0.738973
v 1.097191 -1.172364 0.900442
v 1.097191 1.172364 0.900442
v 0.900441 -1.428530 0.738973
v 1.251776 0.871145 1.027306
v 0.669088 -1.629798 0.549107
v 1.358257 0.536448 1.114693
v 0.738973 1.428530 0.900442
v 0.900441 -1.172364 1.097191
v 0.900441 1.172364 1.097191
v 0.738973 -1.428530 0.900442
v 1.027306 0.871145 1.251776
v 0.549107 -1.629798 0.669088
v 1.114692 0.536448 1.358256
v 0.339461 -1.768227 0.413635
v 1.159241 0.181136 1.412540
v 0.160460 1.832532 0.195521
v 0.160460 -1.832532 0.195521
v 1.159241 -0.181137 1.412540
v 0.339461 1.768227 0.413635
v 1.114692 -0.536448 1.358256
v 0.549107 1.629798 0.669088
v 1.027306 -0.871145 1.251776
v 0.861393 0.181136 1.611555
v 0.119232 1.832532 0.223068
v 0.119232 -1.832532 0.223068
v 0.861393 -0.181137 1.611555
v 0.252242 1.768227 0.471913
v 0.828291 -0.536448 1.549623
v 0.408023 1.629798 0.763357
v 0.763357 -0.871145 1.428141
v 0.549107 1.428530 1.027306
v 0.669088 -1.172364 1.251776
v 0.669088 1.172364 1.251776
v 0.549107 -1.428530 1.027306
v 0.763357 0.871145 1.428141
v 0.408023 -1.629798 0.763357
v 0.828291 0.536448 1.549624
v 0.252243 -1.768227 0.471913
v 0.412022 -1.172364 1.358256
v 0.412022 1.172364 1.358256
v 0.338138 -1.428530 1.114692
v 0.470073 0.871145 1.549623
v 0.251259 -1.629798 0.828291
v 0.510059 0.536448 1.681440
v 0.155330 -1.768227 0.512055
v 0.530443 0.181136 1.748639
v 0.073423 1.832532 0.242043
v 0.073423 -1.832532 0.242043
v 0.530443 -0.181137 1.748639
v 0.155330 1.768227 0.512055
v 0.510059 -0.536448 1.681439
v 0.251259 1.629798 0.828291
v 0.470073 -0.871145 1.549623
v 0.338138 1.428530 1.114692
v 0.024792 -1.832532 0.251716
v 0.179109 -0.181137 1.818523
v 0.052449 1.768227 0.532519
v 0.172226 -0.536448 1.748639
v 0.084840 1.629798 0.861394
v 0.158724 -0.871145 1.611555
v 0.114175 1.428530 1.159241
v 0.139123 -1.172364 1.412540
v 0.139123 1.172364 1.412540
v 0.114175 -1.428530 1.159241
v 0.158724 0.871145 1.611555
v 0.084840 -1.629798 0.861394
v 0.172226 0.536448 1.748639
v 0.052449 -1.768227 0.532519
v 0.179109 0.181136 1.818523
v 0.024792 1.832532 0.251716
v -0.114175 -1.428530 1.159241
v -0.158724 0.871145 1.611555
v -0.084840 -1.629798 0.861394
v -0.172226 0.536448 1.748639
v -0.052449 -1.768227 0.532519
v -0.179109 0.181136 1.818523
v -0.024792 1.832532 0.251716
v -0.024792 -1.832532 0.251716
v -0.179109 -0.181137 1.818523
v -0.052449 1.768227 0.532519
v -0.172226 -0.536448 1.748639
v -0.084840 1.629798 0.861394
v -0.158724 -0.871145 1.611555
v -0.114175 1.428530 1.159241
v -0.139123 -1.172364 1.412539
v -0.139123 1.172364 1.412540
v -0.155330 1.768227 0.512055
v -0.510059 -0.536448 1.681440
v -0.251259 1.629798 0.828291
v -0.470073 -0.871145 1.549623
v -0.338138 1.428530 1.114692
v -0.412023 -1.172364 1.358256
v -0.412023 1.172364 1.358256
v -0.338138 -1.428530 1.114692
v -0.470073 0.871145 1.549623
v -0.251259 -1.629798 0.828291
v -0.510059 0.536448 1.681440
v -0.155330 -1.768227 0.512055
v -0.530444 0.181136 1.748638
v -0.073423 1.832532 0.242043
v -0.073423 -1.832532 0.242043
v -0.530444 -0.181137 1.748638
v -0.763357 0.871145 1.428141
v -0.408023 -1.629798 0.763357
v -0.828291 0.536448 1.549623
v -0.252243 -1.768227 0.471913
v -0.861394 0.181136 1.611554
v -0.119232 1.832532 0.223068
v -0.119232 -1.832532 0.223068
v -0.861394 -0.181137 1.611554
v -0.252243 1.768227 0.471913
v -0.828291 -0.536448 1.549623
v -0.408023 1.629798 0.763357
v -0.763357 -0.871145 1.428141
v -0.549107 1.428530 1.027306
v -0.669088 -1.172364 1.251776
v -0.669088 1.172364 1.251776
v -0.549107 -1.428530 1.027306
v -1.114692 -0.536448 1.358256
v -0.549107 1.629798 0.669088
v -1.027306 -0.871145 1.251776
v -0.738973 1.428530 0.900441
v -0.900442 -1.172364 1.097191
v -0.900442 1.172364 1.097191
v -0.738973 -1.428530 0.900441
v -1.027306 0.871145 1.251776
v -0.549107 -1.629798 0.669088
v -1.114692 0.536448 1.358256
v -0.339461 -1.768227 0.413635
v -1.159241 0.181136 1.412539
v -0.160460 1.832532 0.195521
v -0.160460 -1.832532 0.195521
v -1.159241 -0.181137 1.412539
v -0.339461 1.768227 0.413635
v -0.669088 -1.629798 0.549106
v -1.358256 0.536448 1.114692
v -0.413635 -1.768227 0.339461
v -1.412539 0.181136 1.159240
v -0.195521 1.832532 0.160460
v -0.195521 -1.832532 0.160460
v -1.412539 -0.181137 1.159240
v -0.413635 1.768227 0.339461
v -1.358256 -0.536448 1.114692
v -0.669088 1.629798 0.549106
v -1.251776 -0.871145 1.027306
v -0.900442 1.428530 0.738973
v -1.097191 -1.172364 0.900441
v -1.097191 1.172364 0.900441
v -0.900442 -1.428530 0.738973
v -1.251776 0.871145 1.027306
v -0.763357 1.629798 0.408023
v -1.428141 -0.871145 0.763357
v -1.027306 1.428530 0.549106
v -1.251776 -1.172364 0.669088
v -1.251776 1.172364 0.669088
v -1.027306 -1.428530 0.549106
v -1.428141 0.871145 0.763357
v -0.763357 -1.629798 0.408023
v -1.549623 0.536448 0.828291
v -0.471913 -1.768227 0.252242
v -1.611554 0.181136 0.861393
v -0.223068 1.832532 0.119232
v -0.223068 -1.832532 0.119232
v -1.611554 -0.181137 0.861393
v -0.471913 1.768227 0.252242
v -1.549623 -0.536448 0.828291
v -1.681439 0.536448 0.510059
v -0.512055 -1.768227 0.155330
v -1.748638 0.181136 0.530443
v -0.242043 1.832532 0.073423
v -0.242043 -1.832532 0.073423
v -1.748638 -0.181137 0.530443
v -0.512055 1.768227 0.155330
v -1.681439 -0.536448 0.510059
v -0.828291 1.629798 0.251259
v -1.549623 -0.871145 0.470073
v -1.114692 1.428530 0.338138
v -1.358256 -1.172364 0.412022
v -1.358256 1.172364 0.412022
v -1.114692 -1.428530 0.338138
v -1.549623 0.871145 0.470073
v -0.828291 -1.629798 0.251259
v -1.611555 -0.871145 0.158724
v -1.159241 1.428530 0.114175
v -1.412539 -1.172364 0.139123
v -1.412539 1.172364 0.139123
v -1.159241 -1.428530 0.114175
v -1.611555 0.871145 0.158724
v -0.861394 -1.629798 0.084840
v -1.748639 0.536449 0.172226
v -0.532519 -1.768227 0.052449
v -1.818523 0.181137 0.179108
v -0.251716 1.832532 0.024792
v -0.251716 -1.832532 0.024792
v -1.818523 -0.181137 0.179108
v -0.532519 1.768227 0.052449
v -1.748639 -0.536449 0.172226
v -0.861394 1.629798 0.084840
v -0.532519 -1.768227 -0.052449
v -1.818523 0.181137 -0.179110
v -0.251716 1.832532 -0.024792
v -0.251716 -1.832532 -0.024792
v -1.818523 -0.181137 -0.179110
v -0.532519 1.768227 -0.052449
v -1.748639 -0.536449 -0.172226
v -0.861394 1.629798 -0.084840
v -1.611554 -0.871145 -0.158724
v -1.159241 1.428530 -0.114175
v -1.412539 -1.172364 -0.139123
v -1.412539 1.172364 -0.139123
v -1.159241 -1.428530 -0.114175
v -1.611555 0.871145 -0.158724
v -0.861394 -1.629798 -0.084840
v -1.748639 0.536449 -0.172226
v -1.358256 -1.172364 -0.412023
v -1.358256 1.172364 -0.412023
v -1.114692 -1.428530 -0.338138
v -1.549623 0.871145 -0.470073
v -0.828291 -1.629798 -0.251259
v -1.681439 0.536448 -0.510059
v -0.512055 -1.768227 -0.155330
v -1.748638 0.181136 -0.530444
v -0.242043 1.832532 -0.073423
v -0.242043 -1.832532 -0.073423
v -1.748638 -0.181137 -0.530444
v -0.512055 1.768227 -0.155330
v -1.681439 -0.536448 -0.510059
v -0.828291 1.629798 -0.251259
v -1.549623 -0.871145 -0.470073
v -1.114692 1.428530 -0.338138
v -0.223068 1.832532 -0.119232
v -0.223068 -1.832532 -0.119232
v -1.611554 -0.181137 -0.861394
v -0.471912 1.768227 -0.252243
v -1.549623 -0.536448 -0.828291
v -0.763357 1.629798 -0.408023
v -1.428141 -0.871145 -0.763357
v -1.027306 1.428530 -0.549107
v -1.251776 -1.172364 -0.669088
v -1.251776 1.172364 -0.669088
v -1.027306 -1.428530 -0.549107
v -1.428141 0.871145 -0.763357
v -0.763357 -1.629798 -0.408023
v -1.549623 0.536448 -0.828291
v -0.471912 -1.768227 -0.252243
v -1.611554 0.181136 -0.861394
v -1.097191 1.172364 -0.900441
v -0.900441 -1.428530 -0.738973
v -1.251776 0.871145 -1.027306
v -0.669088 -1.629798 -0.549107
v -1.358256 0.536448 -1.114692
v -0.413635 -1.768227 -0.339461
v -1.412538 0.181136 -1.159241
v -0.195521 1.832532 -0.160460
v -0.195521 -1.832532 -0.160460
v -1.412539 -0.181137 -1.159241
v -0.413635 1.768227 -0.339461
v -1.358256 -0.536448 -1.114692
v -0.669088 1.629798 -0.549107
v -1.251776 -0.871145 -1.027306
v -0.900441 1.428530 -0.738973
v -1.097191 -1.172364 -0.900442
v -1.159240 -0.181137 -1.412539
v -0.339461 1.768227 -0.413635
v -1.114692 -0.536448 -1.358256
v -0.549106 1.629798 -0.669088
v -1.027306 -0.871145 -1.251776
v -0.738973 1.428530 -0.900441
v -0.900441 -1.172364 -1.097191
v -0.900441 1.172364 -1.097191
v -0.738973 -1.428530 -0.900441
v -1.027306 0.871145 -1.251776
v -0.549106 -1.629798 -0.669088
v -1.114692 0.536448 -1.358256
v -0.339461 -1.768227 -0.413635
v -1.159240 0.181136 -1.412539
v -0.160460 1.832532 -0.195521
v -0.160460 -1.832532 -0.195521
v -0.549106 -1.428530 -1.027306
v -0.763357 0.871145 -1.428141
v -0.408023 -1.629798 -0.763357
v -0.828291 0.536448 -1.549623
v -0.252242 -1.768227 -0.471912
v -0.861393 0.181136 -1.611554
v -0.119232 1.832532 -0.223068
v -0.119232 -1.832532 -0.223068
v -0.861393 -0.181137 -1.611554
v -0.252242 1.768227 -0.471912
v -0.828291 -0.536448 -1.549623
v -0.408023 1.629798 -0.763357
v -0.763357 -0.871145 -1.428141
v -0.549106 1.428530 -1.027306
v -0.669088 -1.172364 -1.251776
v -0.669088 1.172364 -1.251776
v -0.155330 1.768227 -0.512055
v -0.510059 -0.536448 -1.681439
v -0.251259 1.629798 -0.828291
v -0.470073 -0.871145 -1.549623
v -0.338138 1.428530 -1.114692
v -0.412022 -1.172364 -1.358256
v -0.412022 1.172364 -1.358256
v -0.338138 -1.428530 -1.114692
v -0.470073 0.871145 -1.549623
v -0.251259 -1.629798 -0.828291
v -0.510059 0.536448 -1.681439
v -0.155330 -1.768227 -0.512055
v -0.530443 0.181136 -1.748638
v -0.073423 1.832532 -0.242043
v -0.073423 -1.832532 -0.242043
v -0.530443 -0.181137 -1.748638
v -0.158724 0.871145 -1.611555
v -0.084840 -1.629798 -0.861393
v -0.172226 0.536448 -1.748639
v -0.052448 -1.768227 -0.532519
v -0.179109 0.181136 -1.818524
v -0.024792 1.832532 -0.251716
v -0.024792 -1.832532 -0.251716
v -0.179109 -0.181137 -1.818523
v -0.052448 1.768227 -0.532519
v -0.172226 -0.536448 -1.748639
v -0.084840 1.629798 -0.861394
v -0.158724 -0.871145 -1.611554
v -0.114175 1.428530 -1.159241
v -0.139123 -1.172364 -1.412540
v -0.139123 1.172364 -1.412540
v -0.114175 -1.428530 -1.159241
vn 0.0294 -0.8010 -0.5979
vn 0.0331 -0.7384 -0.6735
vn 0.0989 -0.7384 -0.6670
vn 0.0878 -0.8010 -0.5922
vn 0.0445 0.4249 -0.9041
vn 0.0422 0.5112 -0.8584
vn 0.1261 0.5112 -0.8502
vn 0.1328 0.4249 -0.8954
vn 0.0211 -0.9027 -0.4297
vn 0.0254 -0.8560 -0.5163
vn 0.0758 -0.8560 -0.5114
vn 0.0631 -0.9027 -0.4256
vn 0.0477 0.2413 -0.9693
vn 0.0463 0.3346 -0.9412
vn 0.1382 0.3346 -0.9322
vn 0.1424 0.2413 -0.9600
vn 0.0057 -0.9666 -0.2561
vn 0.0159 -0.9399 -0.3412
vn 0.0510 -0.9399 -0.3377
vn 0.0443 -0.9666 -0.2523
vn 0.0490 0.0487 -0.9976
vn 0.0486 0.1456 -0.9882
vn 0.1451 0.1456 -0.9786
vn 0.1465 0.0487 -0.9880
vn -0.0253 0.9851 -0.1703
vn 0.0088 0.9959 -0.0897
vn 0.0580 0.9851 -0.1621
vn 0.0088 -0.9959 -0.0897
vn -0.0253 -0.9851 -0.1703
vn 0.0580 -0.9851 -0.1621
vn 0.0486 -0.1456 -0.9882
vn 0.0490 -0.0487 -0.9976
vn 0.1465 -0.0487 -0.9880
vn 0.1451 -0.1456 -0.9786
vn 0.0159 0.9399 -0.3412
vn 0.0057 0.9666 -0.2561
vn 0.0443 0.9666 -0.2523
vn 0.0510 0.9399 -0.3377
vn 0.0463 -0.3346 -0.9412
vn 0.0477 -0.2413 -0.9693
vn 0.1424 -0.2413 -0.9600
vn 0.1382 -0.3346 -0.9322
vn 0.0254 0.8560 -0.5163
vn 0.0211 0.9027 -0.4297
vn 0.0631 0.9027 -0.4256
vn 0.0758 0.8560 -0.5114
vn 0.0422 -0.5112 -0.8584
vn 0.0445 -0.4249 -0.9041
vn 0.1328 -0.4249 -0.8954
vn 0.1261 -0.5112 -0.8502
vn 0.0331 0.7384 -0.6735
vn 0.0294 0.8010 -0.5979
vn 0.0878 0.8010 -0.5922
vn 0.0989 0.7384 -0.6670
vn 0.0365 -0.6687 -0.7426
vn 0.0395 -0.5928 -0.8044
vn 0.1181 -0.5928 -0.7966
vn 0.1091 -0.6687 -0.7355
vn 0.0395 0.5928 -0.8044
vn 0.0365 0.6687 -0.7426
vn 0.1091 0.6687 -0.7355
vn 0.1181 0.5928 -0.7966
vn 0.1807 -0.6687 -0.7212
vn 0.1957 -0.5928 -0.7812
vn 0.2713 -0.5928 -0.7583
vn 0.2505 -0.6687 -0.7001
vn 0.1957 0.5928 -0.7812
vn 0.1807 0.6687 -0.7212
vn 0.2505 0.6687 -0.7001
vn 0.2713 0.5928 -0.7583
vn 0.1455 -0.8010 -0.5807
vn 0.1639 -0.7384 -0.6541
vn 0.2272 -0.7384 -0.6349
vn 0.2017 -0.8010 -0.5637
vn 0.2200 0.4249 -0.8781
vn 0.2089 0.5112 -0.8337
vn 0.2895 0.5112 -0.8092
vn 0.3049 0.4249 -0.8523
vn 0.1046 -0.9027 -0.4174
vn 0.1256 -0.8560 -0.5015
vn 0.1741 -0.8560 -0.4867
vn 0.1449 -0.9027 -0.4051
vn 0.2358 0.2413 -0.9414
vn 0.2290 0.3346 -0.9141
vn 0.3174 0.3346 -0.8873
vn 0.3269 0.2413 -0.9137
vn 0.0556 -0.9666 -0.2500
vn 0.0822 -0.9399 -0.3315
vn 0.1159 -0.9399 -0.3213
vn 0.0927 -0.9666 -0.2388
vn 0.2427 0.0487 -0.9689
vn 0.2404 0.1456 -0.9597
vn 0.3333 0.1456 -0.9315
vn 0.3365 0.0487 -0.9404
vn 0.0084 0.9851 -0.1720
vn 0.0262 0.9959 -0.0862
vn 0.0885 0.9851 -0.1476
vn 0.0262 -0.9959 -0.0862
vn 0.0084 -0.9851 -0.1720
vn 0.0885 -0.9851 -0.1476
vn 0.2404 -0.1456 -0.9597
vn 0.2427 -0.0487 -0.9689
vn 0.3365 -0.0487 -0.9404
vn 0.3333 -0.1456 -0.9315
vn 0.0822 0.9399 -0.3315
vn 0.0556 0.9666 -0.2500
vn 0.0927 0.9666 -0.2388
vn 0.1159 0.9399 -0.3213
vn 0.2290 -0.3346 -0.9141
vn 0.2358 -0.2413 -0.9414
vn 0.3269 -0.2413 -0.9137
vn 0.3174 -0.3346 -0.8873
vn 0.1256 0.8560 -0.5015
vn 0.1046 0.9027 -0.4174
vn 0.1449 0.9027 -0.4051
vn 0.1741 0.8560 -0.4867
vn 0.2089 -0.5112 -0.8337
vn 0.2200 -0.4249 -0.8781
vn 0.3049 -0.4249 -0.8523
vn 0.2895 -0.5112 -0.8092
vn 0.1639 0.7384 -0.6541
vn 0.1455 0.8010 -0.5807
vn 0.2017 0.8010 -0.5637
vn 0.2272 0.7384 -0.6349
vn 0.0418 0.9851 -0.1670
vn 0.0425 0.9959 -0.0795
vn 0.1156 0.9851 -0.1275
vn 0.0425 -0.9959 -0.0795
vn 0.0418 -0.9851 -0.1670
vn 0.1156 -0.9851 -0.1275
vn 0.4230 -0.1456 -0.8943
vn 0.4271 -0.0487 -0.9029
vn 0.5135 -0.0487 -0.8567
vn 0.5086 -0.1456 -0.8486
vn 0.1453 0.9399 -0.3091
vn 0.1033 0.9666 -0.2344
vn 0.1375 0.9666 -0.2161
vn 0.1763 0.9399 -0.2925
vn 0.4029 -0.3346 -0.8519
vn 0.4150 -0.2413 -0.8773
vn 0.4989 -0.2413 -0.8324
vn 0.4844 -0.3346 -0.8083
vn 0.2210 0.8560 -0.4673
vn 0.1840 0.9027 -0.3889
vn 0.2212 0.9027 -0.3691
vn 0.2658 0.8560 -0.4434
vn 0.3675 -0.5112 -0.7769
vn 0.3871 -0.4249 -0.8183
vn 0.4653 -0.4249 -0.7765
vn 0.4418 -0.5112 -0.7372
vn 0.2883 0.7384 -0.6096
vn 0.2560 0.8010 -0.5412
vn 0.3078 0.8010 -0.5135
vn 0.3467 0.7384 -0.5784
vn 0.3179 -0.6687 -0.6721
vn 0.3444 -0.5928 -0.7280
vn 0.4140 -0.5928 -0.6908
vn 0.3822 -0.6687 -0.6378
vn 0.3444 0.5928 -0.7280
vn 0.3179 0.6687 -0.6721
vn 0.3822 0.6687 -0.6378
vn 0.4140 0.5928 -0.6908
vn 0.2560 -0.8010 -0.5412
vn 0.2883 -0.7384 -0.6096
vn 0.3467 -0.7384 -0.5784
vn 0.3078 -0.8010 -0.5135
vn 0.3871 0.4249 -0.8183
vn 0.3675 0.5112 -0.7769
vn 0.4418 0.5112 -0.7372
vn 0.4653 0.4249 -0.7765
vn 0.1840 -0.9027 -0.3889
vn 0.2210 -0.8560 -0.4673
vn 0.2658 -0.8560 -0.4434
vn 0.2212 -0.9027 -0.3691
vn 0.4150 0.2413 -0.8773
vn 0.4029 0.3346 -0.8519
vn 0.4844 0.3346 -0.8083
vn 0.4989 0.2413 -0.8324
vn 0.1033 -0.9666 -0.2344
vn 0.1453 -0.9399 -0.3091
vn 0.1763 -0.9399 -0.2925
vn 0.1375 -0.9666 -0.2161
vn 0.4271 0.0487 -0.9029
vn 0.4230 0.1456 -0.8943
vn 0.5086 0.1456 -0.8486
vn 0.5135 0.0487 -0.8567
vn 0.4798 0.5928 -0.6468
vn 0.4429 0.6687 -0.5972
vn 0.4993 0.6687 -0.5509
vn 0.5408 0.5928 -0.5967
vn 0.3566 -0.8010 -0.4808
vn 0.4017 -0.7384 -0.5416
vn 0.4528 -0.7384 -0.4997
vn 0.4020 -0.8010 -0.4436
vn 0.5393 0.4249 -0.7271
vn 0.5120 0.5112 -0.6903
vn 0.5772 0.5112 -0.6368
vn 0.6079 0.4249 -0.6708
vn 0.2563 -0.9027 -0.3456
vn 0.3080 -0.8560 -0.4152
vn 0.3472 -0.8560 -0.3831
vn 0.2889 -0.9027 -0.3188
vn 0.5781 0.2413 -0.7795
vn 0.5614 0.3346 -0.7569
vn 0.6328 0.3346 -0.6983
vn 0.6517 0.2413 -0.7191
vn 0.1470 -0.9666 -0.2097
vn 0.2028 -0.9399 -0.2749
vn 0.2300 -0.9399 -0.2525
vn 0.1770 -0.9666 -0.1851
vn 0.5950 0.0487 -0.8022
vn 0.5894 0.1456 -0.7946
vn 0.6644 0.1456 -0.7331
vn 0.6707 0.0487 -0.7401
vn 0.0736 0.9851 -0.1556
vn 0.0572 0.9959 -0.0697
vn 0.1383 0.9851 -0.1025
vn 0.0572 -0.9959 -0.0697
vn 0.0736 -0.9851 -0.1556
vn 0.1383 -0.9851 -0.1025
vn 0.5894 -0.1456 -0.7946
vn 0.5950 -0.0487 -0.8022
vn 0.6707 -0.0487 -0.7401
vn 0.6644 -0.1456 -0.7331
vn 0.2028 0.9399 -0.2749
vn 0.1470 0.9666 -0.2097
vn 0.1770 0.9666 -0.1851
vn 0.2300 0.9399 -0.2525
vn 0.5614 -0.3346 -0.7569
vn 0.5781 -0.2413 -0.7795
vn 0.6517 -0.2413 -0.7191
vn 0.6328 -0.3346 -0.6983
vn 0.3080 0.8560 -0.4152
vn 0.2563 0.9027 -0.3456
vn 0.2889 0.9027 -0.3188
vn 0.3472 0.8560 -0.3831
vn 0.5120 -0.5112 -0.6903
vn 0.5393 -0.4249 -0.7271
vn 0.6079 -0.4249 -0.6708
vn 0.5772 -0.5112 -0.6368
vn 0.4017 0.7384 -0.5416
vn 0.3566 0.8010 -0.4808
vn 0.4020 0.8010 -0.4436
vn 0.4528 0.7384 -0.4997
vn 0.4429 -0.6687 -0.5972
vn 0.4798 -0.5928 -0.6468
vn 0.5408 -0.5928 -0.5967
vn 0.4993 -0.6687 -0.5509
vn 0.7331 -0.1456 -0.6644
vn 0.7401 -0.0487 -0.6707
vn 0.8022 -0.0487 -0.5950
vn 0.7946 -0.1456 -0.5894
vn 0.2525 0.9399 -0.2300
vn 0.1851 0.9666 -0.1770
vn 0.2097 0.9666 -0.1470
vn 0.2749 0.9399 -0.2028
vn 0.6983 -0.3346 -0.6328
vn 0.7191 -0.2413 -0.6517
vn 0.7795 -0.2413 -0.5781
vn 0.7569 -0.3346 -0.5614
vn 0.3831 0.8560 -0.3472
vn 0.3188 0.9027 -0.2889
vn 0.3456 0.9027 -0.2563
vn 0.4152 0.8560 -0.3080
vn 0.6368 -0.5112 -0.5772
vn 0.6708 -0.4249 -0.6079
vn 0.7271 -0.4249 -0.5393
vn 0.6903 -0.5112 -0.5120
vn 0.4997 0.7384 -0.4528
vn 0.4436 0.8010 -0.4020
vn 0.4808 0.8010 -0.3566
vn 0.5416 0.7384 -0.4017
vn 0.5509 -0.6687 -0.4993
vn 0.5967 -0.5928 -0.5408
vn 0.6468 -0.5928 -0.4798
vn 0.5972 -0.6687 -0.4429
vn 0.5967 0.5928 -0.5408
vn 0.5509 0.6687 -0.4993
vn 0.5972 0.6687 -0.4429
vn 0.6468 0.5928 -0.4798
vn 0.4436 -0.8010 -0.4020
vn 0.4997 -0.7384 -0.4528
vn 0.5416 -0.7384 -0.4017
vn 0.4808 -0.8010 -0.3566
vn 0.6708 0.4249 -0.6079
vn 0.6369 0.5112 -0.5772
vn 0.6903 0.5112 -0.5120
vn 0.7271 0.4249 -0.5393
vn 0.3188 -0.9027 -0.2889
vn 0.3831 -0.8560 -0.3472
vn 0.4152 -0.8560 -0.3080
vn 0.3456 -0.9027 -0.2563
vn 0.7191 0.2413 -0.6517
vn 0.6983 0.3346 -0.6328
vn 0.7569 0.3346 -0.5614
vn 0.7795 0.2413 -0.5781
vn 0.1851 -0.9666 -0.1770
vn 0.2525 -0.9399 -0.2300
vn 0.2749 -0.9399 -0.2028
vn 0.2097 -0.9666 -0.1470
vn 0.7401 0.0487 -0.6707
vn 0.7331 0.1456 -0.6644
vn 0.7946 0.1456 -0.5894
vn 0.8022 0.0487 -0.5950
vn 0.1025 0.9851 -0.1383
vn 0.0697 0.9959 -0.0572
vn 0.1556 0.9851 -0.0736
vn 0.0697 -0.9959 -0.0572
vn 0.1025 -0.9851 -0.1383
vn 0.1556 -0.9851 -0.0736
vn 0.5135 -0.8010 -0.3078
vn 0.5784 -0.7384 -0.3467
vn 0.6096 -0.7384 -0.2883
vn 0.5412 -0.8010 -0.2560
vn 0.7765 0.4249 -0.4653
vn 0.7372 0.5112 -0.4418
vn 0.7769 0.5112 -0.3675
vn 0.8183 0.4249 -0.3871
vn 0.3691 -0.9027 -0.2212
vn 0.4434 -0.8560 -0.2658
vn 0.4673 -0.8560 -0.2210
vn 0.3889 -0.9027 -0.1840
vn 0.8324 0.2413 -0.4989
vn 0.8083 0.3346 -0.4844
vn 0.8519 0.3346 -0.4029
vn 0.8773 0.2413 -0.4150
vn 0.2161 -0.9666 -0.1375
vn 0.2925 -0.9399 -0.1763
vn 0.3091 -0.9399 -0.1453
vn 0.2344 -0.9666 -0.1033
vn 0.8567 0.0487 -0.5135
vn 0.8486 0.1456 -0.5086
vn 0.8943 0.1456 -0.4230
vn 0.9029 0.0487 -0.4271
vn 0.1275 0.9851 -0.1156
vn 0.0795 0.9959 -0.0425
vn 0.1670 0.9851 -0.0418
vn 0.0795 -0.9959 -0.0425
vn 0.1275 -0.9851 -0.1156
vn 0.1670 -0.9851 -0.0418
vn 0.8486 -0.1456 -0.5086
vn 0.8567 -0.0487 -0.5135
vn 0.9029 -0.0487 -0.4271
vn 0.8943 -0.1456 -0.4230
vn 0.2925 0.9399 -0.1763
vn 0.2161 0.9666 -0.1375
vn 0.2344 0.9666 -0.1033
vn 0.3091 0.9399 -0.1453
vn 0.8083 -0.3346 -0.4844
vn 0.8324 -0.2413 -0.4989
vn 0.8773 -0.2413 -0.4150
vn 0.8519 -0.3346 -0.4029
vn 0.4434 0.8560 -0.2658
vn 0.3691 0.9027 -0.2212
vn 0.3889 0.9027 -0.1840
vn 0.4673 0.8560 -0.2210
vn 0.7372 -0.5112 -0.4418
vn 0.7765 -0.4249 -0.4653
vn 0.8183 -0.4249 -0.3871
vn 0.7769 -0.5112 -0.3675
vn 0.5784 0.7384 -0.3467
vn 0.5135 0.8010 -0.3078
vn 0.5412 0.8010 -0.2560
vn 0.6096 0.7384 -0.2883
vn 0.6378 -0.6687 -0.3822
vn 0.6908 -0.5928 -0.4140
vn 0.7280 -0.5928 -0.3444
vn 0.6721 -0.6687 -0.3179
vn 0.6908 0.5928 -0.4140
vn 0.6378 0.6687 -0.3822
vn 0.6721 0.6687 -0.3179
vn 0.7280 0.5928 -0.3444
vn 0.8873 -0.3346 -0.3174
vn 0.9137 -0.2413 -0.3269
vn 0.9414 -0.2413 -0.2358
vn 0.9141 -0.3346 -0.2290
vn 0.4867 0.8560 -0.1741
vn 0.4051 0.9027 -0.1449
vn 0.4174 0.9027 -0.1046
vn 0.5015 0.8560 -0.1256
vn 0.8092 -0.5112 -0.2895
vn 0.8523 -0.4249 -0.3049
vn 0.8781 -0.4249 -0.2200
vn 0.8337 -0.5112 -0.2089
vn 0.6349 0.7384 -0.2272
vn 0.5637 0.8010 -0.2017
vn 0.5807 0.8010 -0.1455
vn 0.6541 0.7384 -0.1639
vn 0.7001 -0.6687 -0.2505
vn 0.7583 -0.5928 -0.2713
vn 0.7812 -0.5928 -0.1957
vn 0.7212 -0.6687 -0.1807
vn 0.7583 0.5928 -0.2713
vn 0.7001 0.6687 -0.2505
vn 0.7212 0.6687 -0.1807
vn 0.7812 0.5928 -0.1957
vn 0.5637 -0.8010 -0.2017
vn 0.6349 -0.7384 -0.2272
vn 0.6541 -0.7384 -0.1639
vn 0.5807 -0.8010 -0.1455
vn 0.8523 0.4249 -0.3049
vn 0.8092 0.5112 -0.2895
vn 0.8337 0.5112 -0.2089
vn 0.8781 0.4249 -0.2200
vn 0.4051 -0.9027 -0.1449
vn 0.4867 -0.8560 -0.1741
vn 0.5015 -0.8560 -0.1256
vn 0.4174 -0.9027 -0.1046
vn 0.9137 0.2413 -0.3269
vn 0.8873 0.3346 -0.3174
vn 0.9141 0.3346 -0.2290
vn 0.9414 0.2413 -0.2358
vn 0.2388 -0.9666 -0.0927
vn 0.3213 -0.9399 -0.1159
vn 0.3315 -0.9399 -0.0822
vn 0.2500 -0.9666 -0.0556
vn 0.9404 0.0487 -0.3365
vn 0.9315 0.1456 -0.3333
vn 0.9597 0.1456 -0.2404
vn 0.9689 0.0487 -0.2427
vn 0.1476 0.9851 -0.0885
vn 0.0862 0.9959 -0.0262
vn 0.1720 0.9851 -0.0084
vn 0.0862 -0.9959 -0.0262
vn 0.1476 -0.9851 -0.0885
vn 0.1720 -0.9851 -0.0084
vn 0.9315 -0.1456 -0.3333
vn 0.9404 -0.0487 -0.3365
vn 0.9689 -0.0487 -0.2427
vn 0.9597 -0.1456 -0.2404
vn 0.3213 0.9399 -0.1159
vn 0.2388 0.9666 -0.0927
vn 0.2500 0.9666 -0.0556
vn 0.3315 0.9399 -0.0822
vn 0.4256 -0.9027 -0.0631
vn 0.5114 -0.8560 -0.0758
vn 0.5163 -0.8560 -0.0254
vn 0.4297 -0.9027 -0.0211
vn 0.9600 0.2413 -0.1424
vn 0.9322 0.3346 -0.1382
vn 0.9412 0.3346 -0.0463
vn 0.9693 0.2413 -0.0477
vn 0.2523 -0.9666 -0.0443
vn 0.3377 -0.9399 -0.0510
vn 0.3412 -0.9399 -0.0159
vn 0.2561 -0.9666 -0.0057
vn 0.9880 0.0487 -0.1465
vn 0.9786 0.1456 -0.1451
vn 0.9882 0.1456 -0.0486
vn 0.9976 0.0487 -0.0490
vn 0.1621 0.9851 -0.0580
vn 0.0897 0.9959 -0.0088
vn 0.1703 0.9851 0.0253
vn 0.0897 -0.9959 -0.0088
vn 0.1621 -0.9851 -0.0580
vn 0.1703 -0.9851 0.0253
vn 0.9786 -0.1456 -0.1451
vn 0.9880 -0.0487 -0.1465
vn 0.9976 -0.0487 -0.0490
vn 0.9881 -0.1456 -0.0486
vn 0.3377 0.9399 -0.0510
vn 0.2523 0.9666 -0.0443
vn 0.2561 0.9666 -0.0057
vn 0.3412 0.9399 -0.0159
vn 0.9322 -0.3346 -0.1382
vn 0.9600 -0.2413 -0.1424
vn 0.9693 -0.2413 -0.0477
vn 0.9412 -0.3346 -0.0463
vn 0.5114 0.8560 -0.0758
vn 0.4256 0.9027 -0.0631
vn 0.4297 0.9027 -0.0211
vn 0.5163 0.8560 -0.0254
vn 0.8502 -0.5112 -0.1261
vn 0.8954 -0.4249 -0.1328
vn 0.9041 -0.4249 -0.0445
vn 0.8584 -0.5112 -0.0422
vn 0.6670 0.7384 -0.0989
vn 0.5922 0.8010 -0.0878
vn 0.5979 0.8010 -0.0294
vn 0.6735 0.7384 -0.0331
vn 0.7355 -0.6687 -0.1091
vn 0.7966 -0.5928 -0.1181
vn 0.8044 -0.5928 -0.0395
vn 0.7426 -0.6687 -0.0365
vn 0.7966 0.5928 -0.1181
vn 0.7355 0.6687 -0.1091
vn 0.7426 0.6687 -0.0365
vn 0.8044 0.5928 -0.0395
vn 0.5922 -0.8010 -0.0878
vn 0.6670 -0.7384 -0.0989
vn 0.6735 -0.7384 -0.0331
vn 0.5979 -0.8010 -0.0294
vn 0.8954 0.4249 -0.1328
vn 0.8502 0.5112 -0.1261
vn 0.8584 0.5112 -0.0422
vn 0.9041 0.4249 -0.0445
vn 0.5163 0.8560 0.0254
vn 0.4297 0.9027 0.0211
vn 0.4256 0.9027 0.0631
vn 0.5114 0.8560 0.0758
vn 0.8584 -0.5112 0.0422
vn 0.9041 -0.4249 0.0445
vn 0.8954 -0.4249 0.1328
vn 0.8502 -0.5112 0.1261
vn 0.6735 0.7384 0.0331
vn 0.5979 0.8010 0.0294
vn 0.5922 0.8010 0.0878
vn 0.6670 0.7384 0.0989
vn 0.7426 -0.6687 0.0365
vn 0.8044 -0.5928 0.0395
vn 0.7966 -0.5928 0.1181
vn 0.7355 -0.6687 0.1091
vn 0.8044 0.5928 0.0395
vn 0.7426 0.6687 0.0365
vn 0.7355 0.6687 0.1091
vn 0.7966 0.5928 0.1181
vn 0.5979 -0.8010 0.0294
vn 0.6735 -0.7384 0.0331
vn 0.6670 -0.7384 0.0989
vn 0.5922 -0.8010 0.0878
vn 0.9041 0.4249 0.0445
vn 0.8584 0.5112 0.0422
vn 0.8502 0.5112 0.1261
vn 0.8954 0.4249 0.1328
vn 0.4297 -0.9027 0.0211
vn 0.5163 -0.8560 0.0254
vn 0.5114 -0.8560 0.0758
vn 0.4256 -0.9027 0.0631
vn 0.9693 0.2413 0.0477
vn 0.9412 0.3346 0.0463
vn 0.9322 0.3346 0.1382
vn 0.9600 0.2413 0.1424
vn 0.2561 -0.9666 0.0057
vn 0.3412 -0.9399 0.0159
vn 0.3377 -0.9399 0.0510
vn 0.2523 -0.9666 0.0443
vn 0.9976 0.0487 0.0490
vn 0.9882 0.1456 0.0486
vn 0.9786 0.1456 0.1451
vn 0.9880 0.0487 0.1465
vn 0.1703 0.9851 -0.0253
vn 0.0897 0.9959 0.0088
vn 0.1621 0.9851 0.0580
vn 0.0897 -0.9959 0.0088
vn 0.1703 -0.9851 -0.0253
vn 0.1621 -0.9851 0.0580
vn 0.9882 -0.1456 0.0486
vn 0.9976 -0.0487 0.0490
vn 0.9880 -0.0487 0.1465
vn 0.9786 -0.1456 0.1451
vn 0.3412 0.9399 0.0159
vn 0.2561 0.9666 0.0057
vn 0.2523 0.9666 0.0443
vn 0.3377 0.9399 0.0510
vn 0.9412 -0.3346 0.0463
vn 0.9693 -0.2413 0.0477
vn 0.9600 -0.2413 0.1424
vn 0.9322 -0.3346 0.1382
vn 0.9414 0.2413 0.2358
vn 0.9141 0.3346 0.2290
vn 0.8873 0.3346 0.3174
vn 0.9137 0.2413 0.3269
vn 0.2500 -0.9666 0.0556
vn 0.3315 -0.9399 0.0822
vn 0.3213 -0.9399 0.1159
vn 0.2388 -0.9666 0.0927
vn 0.9689 0.0487 0.2427
vn 0.9597 0.1456 0.2404
vn 0.9315 0.1456 0.3333
vn 0.9404 0.0487 0.3365
vn 0.1720 0.9851 0.0084
vn 0.0862 0.9959 0.0262
vn 0.1476 0.9851 0.0885
vn 0.0862 -0.9959 0.0262
vn 0.1720 -0.9851 0.0084
vn 0.1476 -0.9851 0.0885
vn 0.9597 -0.1456 0.2404
vn 0.9689 -0.0487 0.2427
vn 0.9404 -0.0487 0.3365
vn 0.9315 -0.1456 0.3333
vn 0.3315 0.9399 0.0822
vn 0.2500 0.9666 0.0556
vn 0.2388 0.9666 0.0927
vn 0.3213 0.9399 0.1159
vn 0.9141 -0.3346 0.2290
vn 0.9414 -0.2413 0.2358
vn 0.9137 -0.2413 0.3269
vn 0.8873 -0.3346 0.3174
vn 0.5015 0.8560 0.1256
vn 0.4174 0.9027 0.1046
vn 0.4051 0.9027 0.1449
vn 0.4867 0.8560 0.1741
vn 0.8337 -0.5112 0.2089
vn 0.8781 -0.4249 0.2200
vn 0.8523 -0.4249 0.3049
vn 0.8092 -0.5112 0.2895
vn 0.6541 0.7384 0.1639
vn 0.5807 0.8010 0.1455
vn 0.5637 0.8010 0.2017
vn 0.6349 0.7384 0.2272
vn 0.7212 -0.6687 0.1807
vn 0.7812 -0.5928 0.1957
vn 0.7583 -0.5928 0.2713
vn 0.7001 -0.6687 0.2505
vn 0.7812 0.5928 0.1957
vn 0.7212 0.6687 0.1807
vn 0.7001 0.6687 0.2505
vn 0.7583 0.5928 0.2713
vn 0.5807 -0.8010 0.1455
vn 0.6541 -0.7384 0.1639
vn 0.6349 -0.7384 0.2272
vn 0.5637 -0.8010 0.2017
vn 0.8781 0.4249 0.2200
vn 0.8337 0.5112 0.2089
vn 0.8092 0.5112 0.2895
vn 0.8523 0.4249 0.3049
vn 0.4174 -0.9027 0.1046
vn 0.5015 -0.8560 0.1256
vn 0.4867 -0.8560 0.1741
vn 0.4051 -0.9027 0.1449
vn 0.7769 -0.5112 0.3675
vn 0.8183 -0.4249 0.3871
vn 0.7765 -0.4249 0.4653
vn 0.7372 -0.5112 0.4418
vn 0.6096 0.7384 0.2883
vn 0.5412 0.8010 0.2560
vn 0.5135 0.8010 0.3078
vn 0.5784 0.7384 0.3467
vn 0.6721 -0.6687 0.3179
vn 0.7280 -0.5928 0.3444
vn 0.6908 -0.5928 0.4140
vn 0.6378 -0.6687 0.3822
vn 0.7280 0.5928 0.3444
vn 0.6721 0.6687 0.3179
vn 0.6378 0.6687 0.3822
vn 0.6908 0.5928 0.4140
vn 0.5412 -0.8010 0.2560
vn 0.6096 -0.7384 0.2883
vn 0.5784 -0.7384 0.3467
vn 0.5135 -0.8010 0.3078
vn 0.8183 0.4249 0.3871
vn 0.7769 0.5112 0.3675
vn 0.7372 0.5112 0.4418
vn 0.7765 0.4249 0.4653
vn 0.3889 -0.9027 0.1840
vn 0.4673 -0.8560 0.2210
vn 0.4434 -0.8560 0.2658
vn 0.3691 -0.9027 0.2212
vn 0.8773 0.2413 0.4150
vn 0.8519 0.3346 0.4029
vn 0.8083 0.3346 0.4844
vn 0.8324 0.2413 0.4989
vn 0.2344 -0.9666 0.1033
vn 0.3091 -0.9399 0.1453
vn 0.2925 -0.9399 0.1763
vn 0.2161 -0.9666 0.1375
vn 0.9029 0.0487 0.4271
vn 0.8943 0.1456 0.4230
vn 0.8486 0.1456 0.5086
vn 0.8567 0.0487 0.5135
vn 0.1670 0.9851 0.0418
vn 0.0795 0.9959 0.0425
vn 0.1275 0.9851 0.1156
vn 0.0795 -0.9959 0.0425
vn 0.1670 -0.9851 0.0418
vn 0.1275 -0.9851 0.1156
vn 0.8943 -0.1456 0.4230
vn 0.9029 -0.0487 0.4271
vn 0.8567 -0.0487 0.5135
vn 0.8486 -0.1456 0.5086
vn 0.3091 0.9399 0.1453
vn 0.2344 0.9666 0.1033
vn 0.2161 0.9666 0.1375
vn 0.2925 0.9399 0.1763
vn 0.8519 -0.3346 0.4029
vn 0.8773 -0.2413 0.4150
vn 0.8324 -0.2413 0.4989
vn 0.8083 -0.3346 0.4844
vn 0.4673 0.8560 0.2210
vn 0.3889 0.9027 0.1840
vn 0.3691 0.9027 0.2212
vn 0.4434 0.8560 0.2658
vn 0.2097 -0.9666 0.1470
vn 0.2749 -0.9399 0.2028
vn 0.2525 -0.9399 0.2300
vn 0.1851 -0.9666 0.1770
vn 0.8022 0.0487 0.5950
vn 0.7946 0.1456 0.5894
vn 0.7331 0.1456 0.6644
vn 0.7401 0.0487 0.6707
vn 0.1556 0.9851 0.0736
vn 0.0697 0.9959 0.0572
vn 0.1025 0.9851 0.1383
vn 0.0697 -0.9959 0.0572
vn 0.1556 -0.9851 0.0736
vn 0.1025 -0.9851 0.1383
vn 0.7946 -0.1456 0.5894
vn 0.8022 -0.0487 0.5950
vn 0.7401 -0.0487 0.6707
vn 0.7331 -0.1456 0.6644
vn 0.2749 0.9399 0.2028
vn 0.2097 0.9666 0.1470
vn 0.1851 0.9666 0.1770
vn 0.2525 0.9399 0.2300
vn 0.7569 -0.3346 0.5614
vn 0.7795 -0.2413 0.5781
vn 0.7191 -0.2413 0.6517
vn 0.6983 -0.3346 0.6328
vn 0.4152 0.8560 0.3080
vn 0.3456 0.9027 0.2563
vn 0.3188 0.9027 0.2889
vn 0.3831 0.8560 0.3472
vn 0.6903 -0.5112 0.5120
vn 0.7271 -0.4249 0.5393
vn 0.6708 -0.4249 0.6079
vn 0.6368 -0.5112 0.5772
vn 0.5416 0.7384 0.4017
vn 0.4808 0.8010 0.3566
vn 0.4436 0.8010 0.4020
vn 0.4997 0.7384 0.4528
vn 0.5972 -0.6687 0.4429
vn 0.6468 -0.5928 0.4798
vn 0.5967 -0.5928 0.5408
vn 0.5509 -0.6687 0.4993
vn 0.6468 0.5928 0.4798
vn 0.5972 0.6687 0.4429
vn 0.5509 0.6687 0.4993
vn 0.5967 0.5928 0.5408
vn 0.4808 -0.8010 0.3566
vn 0.5416 -0.7384 0.4017
vn 0.4997 -0.7384 0.4528
vn 0.4436 -0.8010 0.4020
vn 0.7271 0.4249 0.5393
vn 0.6903 0.5112 0.5120
vn 0.6368 0.5112 0.5772
vn 0.6708 0.4249 0.6079
vn 0.3456 -0.9027 0.2563
vn 0.4152 -0.8560 0.3080
vn 0.3831 -0.8560 0.3472
vn 0.3188 -0.9027 0.2889
vn 0.7795 0.2413 0.5781
vn 0.7569 0.3346 0.5614
vn 0.6983 0.3346 0.6328
vn 0.7191 0.2413 0.6517
vn 0.4528 0.7384 0.4997
vn 0.4020 0.8010 0.4436
vn 0.3566 0.8010 0.4808
vn 0.4017 0.7384 0.5416
vn 0.4993 -0.6687 0.5509
vn 0.5408 -0.5928 0.5967
vn 0.4798 -0.5928 0.6468
vn 0.4429 -0.6687 0.5972
vn 0.5408 0.5928 0.5967
vn 0.4993 0.6687 0.5509
vn 0.4429 0.6687 0.5972
vn 0.4798 0.5928 0.6468
vn 0.4020 -0.8010 0.4436
vn 0.4528 -0.7384 0.4997
vn 0.4017 -0.7384 0.5416
vn 0.3566 -0.8010 0.4808
vn 0.6079 0.4249 0.6708
vn 0.5772 0.5112 0.6368
vn 0.5120 0.5112 0.6903
vn 0.5393 0.4249 0.7271
vn 0.2889 -0.9027 0.3188
vn 0.3472 -0.8560 0.3831
vn 0.3080 -0.8560 0.4152
vn 0.2563 -0.9027 0.3456
vn 0.6517 0.2413 0.7191
vn 0.6328 0.3346 0.6983
vn 0.5614 0.3346 0.7569
vn 0.5781 0.2413 0.7795
vn 0.1770 -0.9666 0.1851
vn 0.2300 -0.9399 0.2525
vn 0.2028 -0.9399 0.2749
vn 0.1470 -0.9666 0.2097
vn 0.6707 0.0487 0.7401
vn 0.6644 0.1456 0.7331
vn 0.5894 0.1456 0.7946
vn 0.5950 0.0487 0.8022
vn 0.1383 0.9851 0.1025
vn 0.0572 0.9959 0.0697
vn 0.0736 0.9851 0.1556
vn 0.0572 -0.9959 0.0697
vn 0.1383 -0.9851 0.1025
vn 0.0736 -0.9851 0.1556
vn 0.6644 -0.1456 0.7331
vn 0.6707 -0.0487 0.7401
vn 0.5950 -0.0487 0.8022
vn 0.5894 -0.1456 0.7946
vn 0.2300 0.9399 0.2525
vn 0.1770 0.9666 0.1851
vn 0.1470 0.9666 0.2097
vn 0.2028 0.9399 0.2749
vn 0.6328 -0.3346 0.6983
vn 0.6517 -0.2413 0.7191
vn 0.5781 -0.2413 0.7795
vn 0.5614 -0.3346 0.7569
vn 0.3472 0.8560 0.3831
vn 0.2889 0.9027 0.3188
vn 0.2563 0.9027 0.3456
vn 0.3080 0.8560 0.4152
vn 0.5772 -0.5112 0.6368
vn 0.6079 -0.4249 0.6708
vn 0.5393 -0.4249 0.7271
vn 0.5120 -0.5112 0.6903
vn 0.5135 0.0487 0.8567
vn 0.5086 0.1456 0.8486
vn 0.4230 0.1456 0.8943
vn 0.4271 0.0487 0.9029
vn 0.1156 0.9851 0.1275
vn 0.0425 0.9959 0.0795
vn 0.0418 0.9851 0.1670
vn 0.0425 -0.9959 0.0795
vn 0.1156 -0.9851 0.1275
vn 0.0418 -0.9851 0.1670
vn 0.5086 -0.1456 0.8486
vn 0.5135 -0.0487 0.8567
vn 0.4271 -0.0487 0.9029
vn 0.4230 -0.1456 0.8943
vn 0.1763 0.9399 0.2925
vn 0.1375 0.9666 0.2161
vn 0.1033 0.9666 0.2344
vn 0.1453 0.9399 0.3091
vn 0.4844 -0.3346 0.8083
vn 0.4989 -0.2413 0.8324
vn 0.4150 -0.2413 0.8773
vn 0.4029 -0.3346 0.8519
vn 0.2658 0.8560 0.4434
vn 0.2212 0.9027 0.3691
vn 0.1840 0.9027 0.3889
vn 0.2210 0.8560 0.4673
vn 0.4418 -0.5112 0.7372
vn 0.4653 -0.4249 0.7765
vn 0.3871 -0.4249 0.8183
vn 0.3675 -0.5112 0.7769
vn 0.3467 0.7384 0.5784
vn 0.3078 0.8010 0.5135
vn 0.2560 0.8010 0.5412
vn 0.2883 0.7384 0.6096
vn 0.3822 -0.6687 0.6378
vn 0.4140 -0.5928 0.6908
vn 0.3444 -0.5928 0.7280
vn 0.3179 -0.6687 0.6721
vn 0.4140 0.5928 0.6908
vn 0.3822 0.6687 0.6378
vn 0.3179 0.6687 0.6721
vn 0.3444 0.5928 0.7280
vn 0.3078 -0.8010 0.5135
vn 0.3467 -0.7384 0.5784
vn 0.2883 -0.7384 0.6096
vn 0.2560 -0.8010 0.5412
vn 0.4653 0.4249 0.7765
vn 0.4418 0.5112 0.7372
vn 0.3675 0.5112 0.7769
vn 0.3871 0.4249 0.8183
vn 0.2212 -0.9027 0.3691
vn 0.2658 -0.8560 0.4434
vn 0.2210 -0.8560 0.4673
vn 0.1840 -0.9027 0.3889
vn 0.4989 0.2413 0.8324
vn 0.4844 0.3346 0.8083
vn 0.4029 0.3346 0.8519
vn 0.4150 0.2413 0.8773
vn 0.1375 -0.9666 0.2161
vn 0.1763 -0.9399 0.2925
vn 0.1453 -0.9399 0.3091
vn 0.1033 -0.9666 0.2344
vn 0.2505 -0.6687 0.7001
vn 0.2713 -0.5928 0.7583
vn 0.1957 -0.5928 0.7812
vn 0.1807 -0.6687 0.7212
vn 0.2713 0.5928 0.7583
vn 0.2505 0.6687 0.7001
vn 0.1807 0.6687 0.7212
vn 0.1957 0.5928 0.7812
vn 0.2017 -0.8010 0.5637
vn 0.2272 -0.7384 0.6349
vn 0.1639 -0.7384 0.6541
vn 0.1455 -0.8010 0.5807
vn 0.3049 0.4249 0.8523
vn 0.2895 0.5112 0.8092
vn 0.2089 0.5112 0.8337
vn 0.2200 0.4249 0.8781
vn 0.1449 -0.9027 0.4051
vn 0.1741 -0.8560 0.4867
vn 0.1256 -0.8560 0.5015
vn 0.1046 -0.9027 0.4174
vn 0.3269 0.2413 0.9137
vn 0.3174 0.3346 0.8873
vn 0.2290 0.3346 0.9141
vn 0.2358 0.2413 0.9414
vn 0.0927 -0.9666 0.2388
vn 0.1159 -0.9399 0.3213
vn 0.0822 -0.9399 0.3315
vn 0.0556 -0.9666 0.2500
vn 0.3365 0.0487 0.9404
vn 0.3333 0.1456 0.9315
vn 0.2404 0.1456 0.9597
vn 0.2427 0.0487 0.9689
vn 0.0885 0.9851 0.1476
vn 0.0262 0.9959 0.0862
vn 0.0084 0.9851 0.1720
vn 0.0262 -0.9959 0.0862
vn 0.0885 -0.9851 0.1476
vn 0.0084 -0.9851 0.1720
vn 0.3333 -0.1456 0.9315
vn 0.3365 -0.0487 0.9404
vn 0.2427 -0.0487 0.9689
vn 0.2404 -0.1456 0.9597
vn 0.1159 0.9399 0.3213
vn 0.0927 0.9666 0.2388
vn 0.0556 0.9666 0.2500
vn 0.0822 0.9399 0.3315
vn 0.3174 -0.3346 0.8873
vn 0.3269 -0.2413 0.9137
vn 0.2358 -0.2413 0.9414
vn 0.2290 -0.3346 0.9141
vn 0.1741 0.8560 0.4867
vn 0.1449 0.9027 0.4051
vn 0.1046 0.9027 0.4174
vn 0.1256 0.8560 0.5015
vn 0.2895 -0.5112 0.8092
vn 0.3049 -0.4249 0.8523
vn 0.2200 -0.4249 0.8781
vn 0.2089 -0.5112 0.8337
vn 0.2272 0.7384 0.6349
vn 0.2017 0.8010 0.5637
vn 0.1455 0.8010 0.5807
vn 0.1639 0.7384 0.6541
vn 0.0088 -0.9959 0.0897
vn 0.0580 -0.9851 0.1621
vn -0.0253 -0.9851 0.1703
vn 0.1451 -0.1456 0.9786
vn 0.1465 -0.0487 0.9880
vn 0.0490 -0.0487 0.9976
vn 0.0486 -0.1456 0.9882
vn 0.0510 0.9399 0.3377
vn 0.0443 0.9666 0.2523
vn 0.0057 0.9666 0.2561
vn 0.0159 0.9399 0.3412
vn 0.1382 -0.3346 0.9322
vn 0.1424 -0.2413 0.9600
vn 0.0477 -0.2413 0.9693
vn 0.0463 -0.3346 0.9412
vn 0.0758 0.8560 0.5114
vn 0.0631 0.9027 0.4256
vn 0.0211 0.9027 0.4297
vn 0.0254 0.8560 0.5163
vn 0.1261 -0.5112 0.8502
vn 0.1328 -0.4249 0.8954
vn 0.0445 -0.4249 0.9041
vn 0.0422 -0.5112 0.8584
vn 0.0989 0.7384 0.6670
vn 0.0878 0.8010 0.5922
vn 0.0294 0.8010 0.5979
vn 0.0331 0.7384 0.6735
vn 0.1091 -0.6687 0.7355
vn 0.1181 -0.5928 0.7966
vn 0.0395 -0.5928 0.8044
vn 0.0365 -0.6687 0.7426
vn 0.1181 0.5928 0.7966
vn 0.1091 0.6687 0.7355
vn 0.0365 0.6687 0.7426
vn 0.0395 0.5928 0.8044
vn 0.0878 -0.8010 0.5922
vn 0.0989 -0.7384 0.6670
vn 0.0331 -0.7384 0.6735
vn 0.0294 -0.8010 0.5979
vn 0.1328 0.4249 0.8954
vn 0.1261 0.5112 0.8502
vn 0.0422 0.5112 0.8584
vn 0.0445 0.4249 0.9041
vn 0.0631 -0.9027 0.4256
vn 0.0758 -0.8560 0.5114
vn 0.0254 -0.8560 0.5163
vn 0.0211 -0.9027 0.4297
vn 0.1424 0.2413 0.9600
vn 0.1382 0.3346 0.9322
vn 0.0463 0.3346 0.9412
vn 0.0477 0.2413 0.9693
vn 0.0443 -0.9666 0.2523
vn 0.0510 -0.9399 0.3377
vn 0.0159 -0.9399 0.3412
vn 0.0057 -0.9666 0.2561
vn 0.1465 0.0487 0.9880
vn 0.1451 0.1456 0.9786
vn 0.0486 0.1456 0.9882
vn 0.0490 0.0487 0.9976
vn 0.0580 0.9851 0.1621
vn 0.0088 0.9959 0.0897
vn -0.0253 0.9851 0.1703
vn -0.0294 -0.8010 0.5979
vn -0.0331 -0.7384 0.6735
vn -0.0989 -0.7384 0.6670
vn -0.0878 -0.8010 0.5922
vn -0.0445 0.4249 0.9041
vn -0.0422 0.5112 0.8584
vn -0.1261 0.5112 0.8502
vn -0.1328 0.4249 0.8954
vn -0.0211 -0.9027 0.4297
vn -0.0254 -0.8560 0.5163
vn -0.0758 -0.8560 0.5114
vn -0.0631 -0.9027 0.4256
vn -0.0477 0.2413 0.9693
vn -0.0463 0.3346 0.9412
vn -0.1382 0.3346 0.9322
vn -0.1424 0.2413 0.9600
vn -0.0057 -0.9666 0.2561
vn -0.0159 -0.9399 0.3412
vn -0.0510 -0.9399 0.3377
vn -0.0443 -0.9666 0.2523
vn -0.0490 0.0487 0.9976
vn -0.0486 0.1456 0.9882
vn -0.1451 0.1456 0.9786
vn -0.1465 0.0487 0.9880
vn 0.0253 0.9851 0.1703
vn -0.0088 0.9959 0.0897
vn -0.0580 0.9851 0.1621
vn -0.0088 -0.9959 0.0897
vn 0.0253 -0.9851 0.1703
vn -0.0580 -0.9851 0.1621
vn -0.0486 -0.1456 0.9882
vn -0.0490 -0.0487 0.9976
vn -0.1465 -0.0487 0.9880
vn -0.1451 -0.1456 0.9786
vn -0.0159 0.9399 0.3412
vn -0.0057 0.9666 0.2561
vn -0.0443 0.9666 0.2523
vn -0.0510 0.9399 0.3377
vn -0.0463 -0.3346 0.9412
vn -0.0477 -0.2413 0.9693
vn -0.1424 -0.2413 0.9600
vn -0.1382 -0.3346 0.9322
vn -0.0254 0.8560 0.5163
vn -0.0211 0.9027 0.4297
vn -0.0631 0.9027 0.4256
vn -0.0758 0.8560 0.5114
vn -0.0422 -0.5112 0.8584
vn -0.0445 -0.4249 0.9041
vn -0.1328 -0.4249 0.8954
vn -0.1261 -0.5112 0.8502
vn -0.0331 0.7384 0.6735
vn -0.0294 0.8010 0.5979
vn -0.0878 0.8010 0.5922
vn -0.0989 0.7384 0.6670
vn -0.0365 -0.6687 0.7426
vn -0.0395 -0.5928 0.8044
vn -0.1181 -0.5928 0.7966
vn -0.1091 -0.6687 0.7355
vn -0.0395 0.5928 0.8044
vn -0.0365 0.6687 0.7426
vn -0.1091 0.6687 0.7355
vn -0.1181 0.5928 0.7966
vn -0.0822 0.9399 0.3315
vn -0.0556 0.9666 0.2500
vn -0.0927 0.9666 0.2388
vn -0.1159 0.9399 0.3213
vn -0.2290 -0.3346 0.9141
vn -0.2358 -0.2413 0.9414
vn -0.3269 -0.2413 0.9137
vn -0.3174 -0.3346 0.8873
vn -0.1256 0.8560 0.5015
vn -0.1046 0.9027 0.4174
vn -0.1449 0.9027 0.4051
vn -0.1741 0.8560 0.4867
vn -0.2089 -0.5112 0.8337
vn -0.2200 -0.4249 0.8781
vn -0.3049 -0.4249 0.8523
vn -0.2895 -0.5112 0.8092
vn -0.1639 0.7384 0.6541
vn -0.1455 0.8010 0.5807
vn -0.2017 0.8010 0.5637
vn -0.2272 0.7384 0.6349
vn -0.1807 -0.6687 0.7212
vn -0.1957 -0.5928 0.7812
vn -0.2713 -0.5928 0.7583
vn -0.2505 -0.6687 0.7001
vn -0.1957 0.5928 0.7812
vn -0.1807 0.6687 0.7212
vn -0.2505 0.6687 0.7001
vn -0.2713 0.5928 0.7583
vn -0.1455 -0.8010 0.5807
vn -0.1639 -0.7384 0.6541
vn -0.2272 -0.7384 0.6349
vn -0.2017 -0.8010 0.5637
vn -0.2200 0.4249 0.8781
vn -0.2089 0.5112 0.8337
vn -0.2895 0.5112 0.8092
vn -0.3049 0.4249 0.8523
vn -0.1046 -0.9027 0.4174
vn -0.1256 -0.8560 0.5015
vn -0.1741 -0.8560 0.4867
vn -0.1449 -0.9027 0.4051
vn -0.2358 0.2413 0.9414
vn -0.2290 0.3346 0.9141
vn -0.3174 0.3346 0.8873
vn -0.3269 0.2413 0.9137
vn -0.0556 -0.9666 0.2500
vn -0.0822 -0.9399 0.3315
vn -0.1159 -0.9399 0.3213
vn -0.0927 -0.9666 0.2388
vn -0.2427 0.0487 0.9689
vn -0.2404 0.1456 0.9597
vn -0.3333 0.1456 0.9315
vn -0.3365 0.0487 0.9404
vn -0.0084 0.9851 0.1720
vn -0.0262 0.9959 0.0862
vn -0.0885 0.9851 0.1476
vn -0.0262 -0.9959 0.0862
vn -0.0084 -0.9851 0.1720
vn -0.0885 -0.9851 0.1476
vn -0.2404 -0.1456 0.9597
vn -0.2427 -0.0487 0.9689
vn -0.3365 -0.0487 0.9404
vn -0.3333 -0.1456 0.9315
vn -0.3871 0.4249 0.8183
vn -0.3675 0.5112 0.7769
vn -0.4418 0.5112 0.7372
vn -0.4653 0.4249 0.7765
vn -0.1840 -0.9027 0.3889
vn -0.2210 -0.8560 0.4673
vn -0.2658 -0.8560 0.4434
vn -0.2212 -0.9027 0.3691
vn -0.4150 0.2413 0.8773
vn -0.4029 0.3346 0.8519
vn -0.4844 0.3346 0.8083
vn -0.4989 0.2413 0.8324
vn -0.1033 -0.9666 0.2344
vn -0.1453 -0.9399 0.3091
vn -0.1763 -0.9399 0.2925
vn -0.1375 -0.9666 0.2161
vn -0.4271 0.0487 0.9029
vn -0.4230 0.1456 0.8943
vn -0.5086 0.1456 0.8486
vn -0.5135 0.0487 0.8567
vn -0.0418 0.9851 0.1670
vn -0.0425 0.9959 0.0795
vn -0.1156 0.9851 0.1275
vn -0.0425 -0.9959 0.0795
vn -0.0418 -0.9851 0.1670
vn -0.1156 -0.9851 0.1275
vn -0.4230 -0.1456 0.8943
vn -0.4271 -0.0487 0.9029
vn -0.5135 -0.0487 0.8567
vn -0.5086 -0.1456 0.8486
vn -0.1453 0.9399 0.3091
vn -0.1033 0.9666 0.2344
vn -0.1375 0.9666 0.2161
vn -0.1763 0.9399 0.2925
vn -0.4029 -0.3346 0.8519
vn -0.4150 -0.2413 0.8773
vn -0.4989 -0.2413 0.8324
vn -0.4844 -0.3346 0.8083
vn -0.2210 0.8560 0.4673
vn -0.1840 0.9027 0.3889
vn -0.2212 0.9027 0.3691
vn -0.2658 0.8560 0.4434
vn -0.3675 -0.5112 0.7769
vn -0.3871 -0.4249 0.8183
vn -0.4653 -0.4249 0.7765
vn -0.4418 -0.5112 0.7372
vn -0.2883 0.7384 0.6096
vn -0.2560 0.8010 0.5412
vn -0.3078 0.8010 0.5135
vn -0.3467 0.7384 0.5784
vn -0.3179 -0.6687 0.6721
vn -0.3444 -0.5928 0.7280
vn -0.4140 -0.5928 0.6908
vn -0.3822 -0.6687 0.6378
vn -0.3444 0.5928 0.7280
vn -0.3179 0.6687 0.6721
vn -0.3822 0.6687 0.6378
vn -0.4140 0.5928 0.6908
vn -0.2560 -0.8010 0.5412
vn -0.2883 -0.7384 0.6096
vn -0.3467 -0.7384 0.5784
vn -0.3078 -0.8010 0.5135
vn -0.5614 -0.3346 0.7569
vn -0.5781 -0.2413 0.7795
vn -0.6517 -0.2413 0.7191
vn -0.6328 -0.3346 0.6983
vn -0.3080 0.8560 0.4152
vn -0.2563 0.9027 0.3456
vn -0.2889 0.9027 0.3188
vn -0.3472 0.8560 0.3831
vn -0.5120 -0.5112 0.6903
vn -0.5393 -0.4249 0.7271
vn -0.6079 -0.4249 0.6708
vn -0.5772 -0.5112 0.6368
vn -0.4017 0.7384 0.5416
vn -0.3566 0.8010 0.4808
vn -0.4020 0.8010 0.4436
vn -0.4528 0.7384 0.4997
vn -0.4429 -0.6687 0.5972
vn -0.4798 -0.5928 0.6468
vn -0.5408 -0.5928 0.5967
vn -0.4993 -0.6687 0.5509
vn -0.4798 0.5928 0.6468
vn -0.4429 0.6687 0.5972
vn -0.4993 0.6687 0.5509
vn -0.5408 0.5928 0.5967
vn -0.3566 -0.8010 0.4808
vn -0.4017 -0.7384 0.5416
vn -0.4528 -0.7384 0.4997
vn -0.4020 -0.8010 0.4436
vn -0.5393 0.4249 0.7271
vn -0.5120 0.5112 0.6903
vn -0.5772 0.5112 0.6368
vn -0.6079 0.4249 0.6708
vn -0.2563 -0.9027 0.3456
vn -0.3080 -0.8560 0.4152
vn -0.3472 -0.8560 0.3831
vn -0.2889 -0.9027 0.3188
vn -0.5781 0.2413 0.7795
vn -0.5614 0.3346 0.7569
vn -0.6328 0.3346 0.6983
vn -0.6517 0.2413 0.7191
vn -0.1470 -0.9666 0.2097
vn -0.2028 -0.9399 0.2749
vn -0.2300 -0.9399 0.2525
vn -0.1770 -0.9666 0.1851
vn -0.5950 0.0487 0.8022
vn -0.5894 0.1456 0.7946
vn -0.6644 0.1456 0.7331
vn -0.6707 0.0487 0.7401
vn -0.0736 0.9851 0.1556
vn -0.0572 0.9959 0.0697
vn -0.1383 0.9851 0.1025
vn -0.0572 -0.9959 0.0697
vn -0.0736 -0.9851 0.1556
vn -0.1383 -0.9851 0.1025
vn -0.5894 -0.1456 0.7946
vn -0.5950 -0.0487 0.8022
vn -0.6707 -0.0487 0.7401
vn -0.6644 -0.1456 0.7331
vn -0.2028 0.9399 0.2749
vn -0.1470 0.9666 0.2097
vn -0.1770 0.9666 0.1851
vn -0.2300 0.9399 0.2525
vn -0.3188 -0.9027 0.2889
vn -0.3831 -0.8560 0.3472
vn -0.4152 -0.8560 0.3080
vn -0.3456 -0.9027 0.2563
vn -0.7191 0.2413 0.6517
vn -0.6983 0.3346 0.6328
vn -0.7569 0.3346 0.5614
vn -0.7795 0.2413 0.5781
vn -0.1851 -0.9666 0.1770
vn -0.2525 -0.9399 0.2300
vn -0.2749 -0.9399 0.2028
vn -0.2097 -0.9666 0.1470
vn -0.7401 0.0487 0.6707
vn -0.7331 0.1456 0.6644
vn -0.7946 0.1456 0.5894
vn -0.8022 0.0487 0.5950
vn -0.1025 0.9851 0.1383
vn -0.0697 0.9959 0.0572
vn -0.1556 0.9851 0.0736
vn -0.0697 -0.9959 0.0572
vn -0.1025 -0.9851 0.1383
vn -0.1556 -0.9851 0.0736
vn -0.7331 -0.1456 0.6644
vn -0.7401 -0.0487 0.6707
vn -0.8022 -0.0487 0.5950
vn -0.7946 -0.1456 0.5894
vn -0.2525 0.9399 0.2300
vn -0.1851 0.9666 0.1770
vn -0.2097 0.9666 0.1470
vn -0.2749 0.9399 0.2028
vn -0.6983 -0.3346 0.6328
vn -0.7191 -0.2413 0.6517
vn -0.7795 -0.2413 0.5781
vn -0.7569 -0.3346 0.5614
vn -0.3831 0.8560 0.3472
vn -0.3188 0.9027 0.2889
vn -0.3456 0.9027 0.2563
vn -0.4152 0.8560 0.3080
vn -0.6368 -0.5112 0.5772
vn -0.6708 -0.4249 0.6079
vn -0.7271 -0.4249 0.5393
vn -0.6903 -0.5112 0.5120
vn -0.4997 0.7384 0.4528
vn -0.4436 0.8010 0.4020
vn -0.4808 0.8010 0.3566
vn -0.5416 0.7384 0.4017
vn -0.5509 -0.6687 0.4993
vn -0.5967 -0.5928 0.5408
vn -0.6468 -0.5928 0.4798
vn -0.5972 -0.6687 0.4429
vn -0.5967 0.5928 0.5408
vn -0.5509 0.6687 0.4993
vn -0.5972 0.6687 0.4429
vn -0.6468 0.5928 0.4798
vn -0.4436 -0.8010 0.4020
vn -0.4997 -0.7384 0.4528
vn -0.5416 -0.7384 0.4017
vn -0.4808 -0.8010 0.3566
vn -0.6708 0.4249 0.6079
vn -0.6369 0.5112 0.5772
vn -0.6903 0.5112 0.5120
vn -0.7271 0.4249 0.5393
vn -0.4434 0.8560 0.2658
vn -0.3691 0.9027 0.2212
vn -0.3889 0.9027 0.1840
vn -0.4673 0.8560 0.2210
vn -0.7372 -0.5112 0.4418
vn -0.7765 -0.4249 0.4653
vn -0.8183 -0.4249 0.3871
vn -0.7769 -0.5112 0.3675
vn -0.5784 0.7384 0.3467
vn -0.5135 0.8010 0.3078
vn -0.5412 0.8010 0.2560
vn -0.6096 0.7384 0.2883
vn -0.6378 -0.6687 0.3822
vn -0.6908 -0.5928 0.4140
vn -0.7280 -0.5928 0.3444
vn -0.6721 -0.6687 0.3179
vn -0.6908 0.5928 0.4140
vn -0.6378 0.6687 0.3822
vn -0.6721 0.6687 0.3179
vn -0.7280 0.5928 0.3444
vn -0.5135 -0.8010 0.3078
vn -0.5784 -0.7384 0.3467
vn -0.6096 -0.7384 0.2883
vn -0.5412 -0.8010 0.2560
vn -0.7765 0.4249 0.4653
vn -0.7372 0.5112 0.4418
vn -0.7769 0.5112 0.3675
vn -0.8183 0.4249 0.3871
vn -0.3691 -0.9027 0.2212
vn -0.4434 -0.8560 0.2658
vn -0.4673 -0.8560 0.2210
vn -0.3889 -0.9027 0.1840
vn -0.8324 0.2413 0.4989
vn -0.8083 0.3346 0.4844
vn -0.8519 0.3346 0.4029
vn -0.8773 0.2413 0.4150
vn -0.2161 -0.9666 0.1375
vn -0.2925 -0.9399 0.1763
vn -0.3091 -0.9399 0.1453
vn -0.2344 -0.9666 0.1033
vn -0.8567 0.0487 0.5135
vn -0.8486 0.1456 0.5086
vn -0.8943 0.1456 0.4230
vn -0.9029 0.0487 0.4271
vn -0.1275 0.9851 0.1156
vn -0.0795 0.9959 0.0425
vn -0.1670 0.9851 0.0418
vn -0.0795 -0.9959 0.0425
vn -0.1275 -0.9851 0.1156
vn -0.1670 -0.9851 0.0418
vn -0.8486 -0.1456 0.5086
vn -0.8567 -0.0487 0.5135
vn -0.9029 -0.0487 0.4271
vn -0.8943 -0.1456 0.4230
vn -0.2925 0.9399 0.1763
vn -0.2161 0.9666 0.1375
vn -0.2344 0.9666 0.1033
vn -0.3091 0.9399 0.1453
vn -0.8083 -0.3346 0.4844
vn -0.8324 -0.2413 0.4989
vn -0.8773 -0.2413 0.4150
vn -0.8519 -0.3346 0.4029
vn -0.9137 0.2413 0.3269
vn -0.8873 0.3346 0.3174
vn -0.9141 0.3346 0.2290
vn -0.9414 0.2413 0.2358
vn -0.2388 -0.9666 0.0927
vn -0.3213 -0.9399 0.1159
vn -0.3315 -0.9399 0.0822
vn -0.2500 -0.9666 0.0556
vn -0.9404 0.0487 0.3365
vn -0.9315 0.1456 0.3333
vn -0.9597 0.1456 0.2404
vn -0.9689 0.0487 0.2427
vn -0.1476 0.9851 0.0885
vn -0.0862 0.9959 0.0262
vn -0.1720 0.9851 0.0084
vn -0.0862 -0.9959 0.0262
vn -0.1476 -0.9851 0.0885
vn -0.1720 -0.9851 0.0084
vn -0.9315 -0.1456 0.3333
vn -0.9404 -0.0487 0.3365
vn -0.9689 -0.0487 0.2427
vn -0.9597 -0.1456 0.2404
vn -0.3213 0.9399 0.1159
vn -0.2388 0.9666 0.0927
vn -0.2500 0.9666 0.0556
vn -0.3315 0.9399 0.0822
vn -0.8873 -0.3346 0.3174
vn -0.9137 -0.2413 0.3269
vn -0.9414 -0.2413 0.2358
vn -0.9141 -0.3346 0.2290
vn -0.4867 0.8560 0.1741
vn -0.4051 0.9027 0.1449
vn -0.4174 0.9027 0.1046
vn -0.5015 0.8560 0.1256
vn -0.8092 -0.5112 0.2895
vn -0.8523 -0.4249 0.3049
vn -0.8781 -0.4249 0.2200
vn -0.8337 -0.5112 0.2089
vn -0.6349 0.7384 0.2272
vn -0.5637 0.8010 0.2017
vn -0.5807 0.8010 0.1455
vn -0.6541 0.7384 0.1639
vn -0.7001 -0.6687 0.2505
vn -0.7583 -0.5928 0.2713
vn -0.7812 -0.5928 0.1957
vn -0.7212 -0.6687 0.1807
vn -0.7583 0.5928 0.2713
vn -0.7001 0.6687 0.2505
vn -0.7212 0.6687 0.1807
vn -0.7812 0.5928 0.1957
vn -0.5637 -0.8010 0.2017
vn -0.6349 -0.7384 0.2272
vn -0.6541 -0.7384 0.1639
vn -0.5807 -0.8010 0.1455
vn -0.8523 0.4249 0.3049
vn -0.8092 0.5112 0.2895
vn -0.8337 0.5112 0.2089
vn -0.8781 0.4249 0.2200
vn -0.4051 -0.9027 0.1449
vn -0.4867 -0.8560 0.1741
vn -0.5015 -0.8560 0.1256
vn -0.4174 -0.9027 0.1046
vn -0.8502 -0.5112 0.1261
vn -0.8954 -0.4249 0.1328
vn -0.9041 -0.4249 0.0445
vn -0.8584 -0.5112 0.0422
vn -0.6670 0.7384 0.0989
vn -0.5922 0.8010 0.0878
vn -0.5979 0.8010 0.0294
vn -0.6735 0.7384 0.0331
vn -0.7355 -0.6687 0.1091
vn -0.7966 -0.5928 0.1181
vn -0.8044 -0.5928 0.0395
vn -0.7426 -0.6687 0.0365
vn -0.7966 0.5928 0.1181
vn -0.7355 0.6687 0.1091
vn -0.7426 0.6687 0.0365
vn -0.8044 0.5928 0.0395
vn -0.5922 -0.8010 0.0878
vn -0.6670 -0.7384 0.0989
vn -0.6735 -0.7384 0.0331
vn -0.5979 -0.8010 0.0294
vn -0.8954 0.4249 0.1328
vn -0.8502 0.5112 0.1261
vn -0.8584 0.5112 0.0422
vn -0.9041 0.4249 0.0445
vn -0.4256 -0.9027 0.0631
vn -0.5114 -0.8560 0.0758
vn -0.5163 -0.8560 0.0254
vn -0.4297 -0.9027 0.0211
vn -0.9600 0.2413 0.1424
vn -0.9322 0.3346 0.1382
vn -0.9412 0.3346 0.0463
vn -0.9693 0.2413 0.0477
vn -0.2523 -0.9666 0.0443
vn -0.3377 -0.9399 0.0510
vn -0.3412 -0.9399 0.0159
vn -0.2561 -0.9666 0.0057
vn -0.9880 0.0487 0.1465
vn -0.9786 0.1456 0.1451
vn -0.9882 0.1456 0.0486
vn -0.9976 0.0487 0.0490
vn -0.1621 0.9851 0.0580
vn -0.0897 0.9959 0.0088
vn -0.1703 0.9851 -0.0253
vn -0.0897 -0.9959 0.0088
vn -0.1621 -0.9851 0.0580
vn -0.1703 -0.9851 -0.0253
vn -0.9786 -0.1456 0.1451
vn -0.9880 -0.0487 0.1465
vn -0.9976 -0.0487 0.0490
vn -0.9882 -0.1456 0.0486
vn -0.3377 0.9399 0.0510
vn -0.2523 0.9666 0.0443
vn -0.2561 0.9666 0.0057
vn -0.3412 0.9399 0.0159
vn -0.9322 -0.3346 0.1382
vn -0.9600 -0.2413 0.1424
vn -0.9693 -0.2413 0.0477
vn -0.9412 -0.3346 0.0463
vn -0.5114 0.8560 0.0758
vn -0.4256 0.9027 0.0631
vn -0.4297 0.9027 0.0211
vn -0.5163 0.8560 0.0254
vn -0.2561 -0.9666 -0.0057
vn -0.3412 -0.9399 -0.0159
vn -0.3377 -0.9399 -0.0510
vn -0.2523 -0.9666 -0.0443
vn -0.9976 0.0487 -0.0490
vn -0.9882 0.1456 -0.0486
vn -0.9786 0.1456 -0.1451
vn -0.9880 0.0487 -0.1465
vn -0.1703 0.9851 0.0253
vn -0.0897 0.9959 -0.0088
vn -0.1621 0.9851 -0.0580
vn -0.0897 -0.9959 -0.0088
vn -0.1703 -0.9851 0.0253
vn -0.1621 -0.9851 -0.0580
vn -0.9882 -0.1456 -0.0486
vn -0.9976 -0.0487 -0.0490
vn -0.9880 -0.0487 -0.1465
vn -0.9786 -0.1456 -0.1451
vn -0.3412 0.9399 -0.0159
vn -0.2561 0.9666 -0.0057
vn -0.2523 0.9666 -0.0443
vn -0.3377 0.9399 -0.0510
vn -0.9412 -0.3346 -0.0463
vn -0.9693 -0.2413 -0.0477
vn -0.9600 -0.2413 -0.1424
vn -0.9322 -0.3346 -0.1382
vn -0.5163 0.8560 -0.0254
vn -0.4297 0.9027 -0.0211
vn -0.4256 0.9027 -0.0631
vn -0.5114 0.8560 -0.0758
vn -0.8584 -0.5112 -0.0422
vn -0.9041 -0.4249 -0.0445
vn -0.8954 -0.4249 -0.1328
vn -0.8502 -0.5112 -0.1261
vn -0.6735 0.7384 -0.0331
vn -0.5979 0.8010 -0.0294
vn -0.5922 0.8010 -0.0878
vn -0.6670 0.7384 -0.0989
vn -0.7426 -0.6687 -0.0365
vn -0.8044 -0.5928 -0.0396
vn -0.7966 -0.5928 -0.1181
vn -0.7355 -0.6687 -0.1091
vn -0.8044 0.5928 -0.0396
vn -0.7426 0.6687 -0.0365
vn -0.7355 0.6687 -0.1091
vn -0.7966 0.5928 -0.1181
vn -0.5979 -0.8010 -0.0294
vn -0.6735 -0.7384 -0.0331
vn -0.6670 -0.7384 -0.0989
vn -0.5922 -0.8010 -0.0878
vn -0.9041 0.4249 -0.0445
vn -0.8584 0.5112 -0.0422
vn -0.8502 0.5112 -0.1261
vn -0.8954 0.4249 -0.1328
vn -0.4297 -0.9027 -0.0211
vn -0.5163 -0.8560 -0.0254
vn -0.5114 -0.8560 -0.0758
vn -0.4256 -0.9027 -0.0631
vn -0.9693 0.2413 -0.0477
vn -0.9412 0.3346 -0.0463
vn -0.9322 0.3346 -0.1382
vn -0.9600 0.2413 -0.1424
vn -0.7212 -0.6687 -0.1807
vn -0.7812 -0.5928 -0.1957
vn -0.7583 -0.5928 -0.2713
vn -0.7001 -0.6687 -0.2505
vn -0.7812 0.5928 -0.1957
vn -0.7212 0.6687 -0.1807
vn -0.7001 0.6687 -0.2505
vn -0.7583 0.5928 -0.2713
vn -0.5807 -0.8010 -0.1455
vn -0.6541 -0.7384 -0.1639
vn -0.6349 -0.7384 -0.2272
vn -0.5637 -0.8010 -0.2017
vn -0.8781 0.4249 -0.2200
vn -0.8337 0.5112 -0.2089
vn -0.8092 0.5112 -0.2895
vn -0.8523 0.4249 -0.3049
vn -0.4174 -0.9027 -0.1046
vn -0.5015 -0.8560 -0.1256
vn -0.4867 -0.8560 -0.1741
vn -0.4051 -0.9027 -0.1449
vn -0.9414 0.2413 -0.2358
vn -0.9141 0.3346 -0.2290
vn -0.8873 0.3346 -0.3174
vn -0.9137 0.2413 -0.3269
vn -0.2500 -0.9666 -0.0556
vn -0.3315 -0.9399 -0.0822
vn -0.3213 -0.9399 -0.1159
vn -0.2388 -0.9666 -0.0927
vn -0.9689 0.0487 -0.2427
vn -0.9597 0.1456 -0.2404
vn -0.9315 0.1456 -0.3333
vn -0.9404 0.0487 -0.3365
vn -0.1720 0.9851 -0.0084
vn -0.0862 0.9959 -0.0262
vn -0.1476 0.9851 -0.0885
vn -0.0862 -0.9959 -0.0262
vn -0.1720 -0.9851 -0.0084
vn -0.1476 -0.9851 -0.0885
vn -0.9597 -0.1456 -0.2404
vn -0.9689 -0.0487 -0.2427
vn -0.9404 -0.0487 -0.3365
vn -0.9315 -0.1456 -0.3333
vn -0.3315 0.9399 -0.0822
vn -0.2500 0.9666 -0.0556
vn -0.2388 0.9666 -0.0927
vn -0.3213 0.9399 -0.1159
vn -0.9141 -0.3346 -0.2290
vn -0.9414 -0.2413 -0.2358
vn -0.9137 -0.2413 -0.3269
vn -0.8873 -0.3346 -0.3174
vn -0.5015 0.8560 -0.1256
vn -0.4174 0.9027 -0.1046
vn -0.4051 0.9027 -0.1449
vn -0.4867 0.8560 -0.1741
vn -0.8337 -0.5112 -0.2089
vn -0.8781 -0.4249 -0.2200
vn -0.8523 -0.4249 -0.3049
vn -0.8092 -0.5112 -0.2895
vn -0.6541 0.7384 -0.1639
vn -0.5807 0.8010 -0.1455
vn -0.5637 0.8010 -0.2017
vn -0.6349 0.7384 -0.2272
vn -0.1670 0.9851 -0.0418
vn -0.0795 0.9959 -0.0425
vn -0.1275 0.9851 -0.1156
vn -0.0795 -0.9959 -0.0425
vn -0.1670 -0.9851 -0.0418
vn -0.1275 -0.9851 -0.1156
vn -0.8943 -0.1456 -0.4230
vn -0.9029 -0.0487 -0.4271
vn -0.8567 -0.0487 -0.5135
vn -0.8486 -0.1456 -0.5086
vn -0.3091 0.9399 -0.1453
vn -0.2344 0.9666 -0.1033
vn -0.2161 0.9666 -0.1375
vn -0.2925 0.9399 -0.1763
vn -0.8519 -0.3346 -0.4029
vn -0.8773 -0.2413 -0.4150
vn -0.8324 -0.2413 -0.4989
vn -0.8083 -0.3346 -0.4844
vn -0.4673 0.8560 -0.2210
vn -0.3889 0.9027 -0.1840
vn -0.3691 0.9027 -0.2212
vn -0.4434 0.8560 -0.2658
vn -0.7769 -0.5112 -0.3675
vn -0.8183 -0.4249 -0.3871
vn -0.7765 -0.4249 -0.4653
vn -0.7372 -0.5112 -0.4418
vn -0.6096 0.7384 -0.2883
vn -0.5412 0.8010 -0.2560
vn -0.5135 0.8010 -0.3078
vn -0.5784 0.7384 -0.3467
vn -0.6721 -0.6687 -0.3179
vn -0.7280 -0.5928 -0.3444
vn -0.6908 -0.5928 -0.4140
vn -0.6378 -0.6687 -0.3822
vn -0.7280 0.5928 -0.3444
vn -0.6721 0.6687 -0.3179
vn -0.6378 0.6687 -0.3822
vn -0.6908 0.5928 -0.4140
vn -0.5412 -0.8010 -0.2560
vn -0.6096 -0.7384 -0.2883
vn -0.5784 -0.7384 -0.3467
vn -0.5135 -0.8010 -0.3078
vn -0.8183 0.4249 -0.3871
vn -0.7769 0.5112 -0.3675
vn -0.7372 0.5112 -0.4418
vn -0.7765 0.4249 -0.4653
vn -0.3889 -0.9027 -0.1840
vn -0.4673 -0.8560 -0.2210
vn -0.4434 -0.8560 -0.2658
vn -0.3691 -0.9027 -0.2212
vn -0.8773 0.2413 -0.4150
vn -0.8519 0.3346 -0.4029
vn -0.8083 0.3346 -0.4844
vn -0.8324 0.2413 -0.4989
vn -0.2344 -0.9666 -0.1033
vn -0.3091 -0.9399 -0.1453
vn -0.2925 -0.9399 -0.1763
vn -0.2161 -0.9666 -0.1375
vn -0.9029 0.0487 -0.4271
vn -0.8943 0.1456 -0.4230
vn -0.8486 0.1456 -0.5086
vn -0.8567 0.0487 -0.5135
vn -0.6468 0.5928 -0.4798
vn -0.5972 0.6687 -0.4429
vn -0.5509 0.6687 -0.4993
vn -0.5967 0.5928 -0.5408
vn -0.4808 -0.8010 -0.3566
vn -0.5416 -0.7384 -0.4017
vn -0.4997 -0.7384 -0.4528
vn -0.4436 -0.8010 -0.4020
vn -0.7271 0.4249 -0.5393
vn -0.6903 0.5112 -0.5120
vn -0.6368 0.5112 -0.5772
vn -0.6708 0.4249 -0.6079
vn -0.3456 -0.9027 -0.2563
vn -0.4152 -0.8560 -0.3080
vn -0.3831 -0.8560 -0.3472
vn -0.3188 -0.9027 -0.2889
vn -0.7795 0.2413 -0.5781
vn -0.7569 0.3346 -0.5614
vn -0.6983 0.3346 -0.6328
vn -0.7191 0.2413 -0.6517
vn -0.2097 -0.9666 -0.1470
vn -0.2749 -0.9399 -0.2028
vn -0.2525 -0.9399 -0.2300
vn -0.1851 -0.9666 -0.1770
vn -0.8022 0.0487 -0.5950
vn -0.7946 0.1456 -0.5894
vn -0.7331 0.1456 -0.6644
vn -0.7401 0.0487 -0.6707
vn -0.1556 0.9851 -0.0736
vn -0.0697 0.9959 -0.0572
vn -0.1025 0.9851 -0.1383
vn -0.0697 -0.9959 -0.0572
vn -0.1556 -0.9851 -0.0736
vn -0.1025 -0.9851 -0.1383
vn -0.7946 -0.1456 -0.5894
vn -0.8022 -0.0487 -0.5950
vn -0.7401 -0.0487 -0.6707
vn -0.7331 -0.1456 -0.6644
vn -0.2749 0.9399 -0.2028
vn -0.2097 0.9666 -0.1470
vn -0.1851 0.9666 -0.1770
vn -0.2525 0.9399 -0.2300
vn -0.7569 -0.3346 -0.5614
vn -0.7795 -0.2413 -0.5781
vn -0.7191 -0.2413 -0.6517
vn -0.6983 -0.3346 -0.6328
vn -0.4152 0.8560 -0.3080
vn -0.3456 0.9027 -0.2563
vn -0.3188 0.9027 -0.2889
vn -0.3831 0.8560 -0.3472
vn -0.6903 -0.5112 -0.5120
vn -0.7271 -0.4249 -0.5393
vn -0.6708 -0.4249 -0.6079
vn -0.6368 -0.5112 -0.5772
vn -0.5416 0.7384 -0.4017
vn -0.4808 0.8010 -0.3566
vn -0.4436 0.8010 -0.4020
vn -0.4997 0.7384 -0.4528
vn -0.5972 -0.6687 -0.4429
vn -0.6468 -0.5928 -0.4798
vn -0.5967 -0.5928 -0.5408
vn -0.5509 -0.6687 -0.4993
vn -0.6644 -0.1456 -0.7331
vn -0.6707 -0.0487 -0.7401
vn -0.5950 -0.0487 -0.8022
vn -0.5894 -0.1456 -0.7946
vn -0.2300 0.9399 -0.2525
vn -0.1770 0.9666 -0.1851
vn -0.1470 0.9666 -0.2097
vn -0.2028 0.9399 -0.2749
vn -0.6328 -0.3346 -0.6983
vn -0.6517 -0.2413 -0.7191
vn -0.5781 -0.2413 -0.7795
vn -0.5614 -0.3346 -0.7569
vn -0.3472 0.8560 -0.3831
vn -0.2889 0.9027 -0.3188
vn -0.2563 0.9027 -0.3456
vn -0.3080 0.8560 -0.4152
vn -0.5772 -0.5112 -0.6368
vn -0.6079 -0.4249 -0.6708
vn -0.5393 -0.4249 -0.7271
vn -0.5120 -0.5112 -0.6903
vn -0.4528 0.7384 -0.4997
vn -0.4020 0.8010 -0.4436
vn -0.3566 0.8010 -0.4808
vn -0.4017 0.7384 -0.5416
vn -0.4993 -0.6687 -0.5509
vn -0.5408 -0.5928 -0.5967
vn -0.4798 -0.5928 -0.6468
vn -0.4429 -0.6687 -0.5972
vn -0.5408 0.5928 -0.5967
vn -0.4993 0.6687 -0.5509
vn -0.4429 0.6687 -0.5972
vn -0.4798 0.5928 -0.6468
vn -0.4020 -0.8010 -0.4436
vn -0.4528 -0.7384 -0.4997
vn -0.4017 -0.7384 -0.5416
vn -0.3566 -0.8010 -0.4808
vn -0.6079 0.4249 -0.6708
vn -0.5772 0.5112 -0.6368
vn -0.5120 0.5112 -0.6903
vn -0.5393 0.4249 -0.7271
vn -0.2889 -0.9027 -0.3188
vn -0.3472 -0.8560 -0.3831
vn -0.3080 -0.8560 -0.4152
vn -0.2563 -0.9027 -0.3456
vn -0.6517 0.2413 -0.7191
vn -0.6328 0.3346 -0.6983
vn -0.5614 0.3346 -0.7569
vn -0.5781 0.2413 -0.7795
vn -0.1770 -0.9666 -0.1851
vn -0.2300 -0.9399 -0.2525
vn -0.2028 -0.9399 -0.2749
vn -0.1470 -0.9666 -0.2097
vn -0.6707 0.0487 -0.7401
vn -0.6644 0.1456 -0.7331
vn -0.5894 0.1456 -0.7946
vn -0.5950 0.0487 -0.8022
vn -0.1383 0.9851 -0.1025
vn -0.0572 0.9959 -0.0697
vn -0.0736 0.9851 -0.1556
vn -0.0572 -0.9959 -0.0697
vn -0.1383 -0.9851 -0.1025
vn -0.0736 -0.9851 -0.1556
vn -0.3078 -0.8010 -0.5135
vn -0.3467 -0.7384 -0.5784
vn -0.2883 -0.7384 -0.6096
vn -0.2560 -0.8010 -0.5412
vn -0.4653 0.4249 -0.7765
vn -0.4418 0.5112 -0.7372
vn -0.3675 0.5112 -0.7769
vn -0.3871 0.4249 -0.8183
vn -0.2212 -0.9027 -0.3691
vn -0.2658 -0.8560 -0.4434
vn -0.2210 -0.8560 -0.4673
vn -0.1840 -0.9027 -0.3889
vn -0.4989 0.2413 -0.8324
vn -0.4844 0.3346 -0.8083
vn -0.4029 0.3346 -0.8519
vn -0.4150 0.2413 -0.8773
vn -0.1375 -0.9666 -0.2161
vn -0.1763 -0.9399 -0.2925
vn -0.1453 -0.9399 -0.3091
vn -0.1033 -0.9666 -0.2344
vn -0.5135 0.0487 -0.8567
vn -0.5086 0.1456 -0.8486
vn -0.4230 0.1456 -0.8943
vn -0.4271 0.0487 -0.9029
vn -0.1156 0.9851 -0.1275
vn -0.0425 0.9959 -0.0795
vn -0.0418 0.9851 -0.1670
vn -0.0425 -0.9959 -0.0795
vn -0.1156 -0.9851 -0.1275
vn -0.0418 -0.9851 -0.1670
vn -0.5086 -0.1456 -0.8486
vn -0.5135 -0.0487 -0.8567
vn -0.4271 -0.0487 -0.9029
vn -0.4230 -0.1456 -0.8943
vn -0.1763 0.9399 -0.2925
vn -0.1375 0.9666 -0.2161
vn -0.1033 0.9666 -0.2344
vn -0.1453 0.9399 -0.3091
vn -0.4844 -0.3346 -0.8083
vn -0.4989 -0.2413 -0.8324
vn -0.4150 -0.2413 -0.8773
vn -0.4029 -0.3346 -0.8519
vn -0.2658 0.8560 -0.4434
vn -0.2212 0.9027 -0.3691
vn -0.1840 0.9027 -0.3889
vn -0.2210 0.8560 -0.4673
vn -0.4418 -0.5112 -0.7372
vn -0.4653 -0.4249 -0.7765
vn -0.3871 -0.4249 -0.8183
vn -0.3675 -0.5112 -0.7769
vn -0.3467 0.7384 -0.5784
vn -0.3078 0.8010 -0.5135
vn -0.2560 0.8010 -0.5412
vn -0.2883 0.7384 -0.6096
vn -0.3822 -0.6687 -0.6378
vn -0.4140 -0.5928 -0.6908
vn -0.3444 -0.5928 -0.7280
vn -0.3179 -0.6687 -0.6721
vn -0.4140 0.5928 -0.6908
vn -0.3822 0.6687 -0.6378
vn -0.3179 0.6687 -0.6721
vn -0.3444 0.5928 -0.7280
vn -0.1159 0.9399 -0.3213
vn -0.0927 0.9666 -0.2388
vn -0.0556 0.9666 -0.2500
vn -0.0822 0.9399 -0.3315
vn -0.3174 -0.3346 -0.8873
vn -0.3269 -0.2413 -0.9137
vn -0.2358 -0.2413 -0.9414
vn -0.2290 -0.3346 -0.9141
vn -0.1741 0.8560 -0.4867
vn -0.1449 0.9027 -0.4051
vn -0.1046 0.9027 -0.4174
vn -0.1256 0.8560 -0.5015
vn -0.2895 -0.5112 -0.8092
vn -0.3049 -0.4249 -0.8523
vn -0.2200 -0.4249 -0.8781
vn -0.2089 -0.5112 -0.8337
vn -0.2272 0.7384 -0.6349
vn -0.2017 0.8010 -0.5637
vn -0.1455 0.8010 -0.5807
vn -0.1639 0.7384 -0.6541
vn -0.2505 -0.6687 -0.7001
vn -0.2713 -0.5928 -0.7583
vn -0.1957 -0.5928 -0.7812
vn -0.1807 -0.6687 -0.7212
vn -0.2713 0.5928 -0.7583
vn -0.2505 0.6687 -0.7001
vn -0.1807 0.6687 -0.7212
vn -0.1957 0.5928 -0.7812
vn -0.2017 -0.8010 -0.5637
vn -0.2272 -0.7384 -0.6349
vn -0.1639 -0.7384 -0.6541
vn -0.1455 -0.8010 -0.5807
vn -0.3049 0.4249 -0.8523
vn -0.2895 0.5112 -0.8092
vn -0.2089 0.5112 -0.8337
vn -0.2200 0.4249 -0.8781
vn -0.1449 -0.9027 -0.4051
vn -0.1741 -0.8560 -0.4867
vn -0.1256 -0.8560 -0.5015
vn -0.1046 -0.9027 -0.4174
vn -0.3269 0.2413 -0.9137
vn -0.3174 0.3346 -0.8873
vn -0.2290 0.3346 -0.9141
vn -0.2358 0.2413 -0.9414
vn -0.0927 -0.9666 -0.2388
vn -0.1159 -0.9399 -0.3213
vn -0.0822 -0.9399 -0.3315
vn -0.0556 -0.9666 -0.2500
vn -0.3365 0.0487 -0.9404
vn -0.3333 0.1456 -0.9315
vn -0.2404 0.1456 -0.9597
vn -0.2427 0.0487 -0.9689
vn -0.0885 0.9851 -0.1476
vn -0.0262 0.9959 -0.0862
vn -0.0084 0.9851 -0.1720
vn -0.0262 -0.9959 -0.0862
vn -0.0885 -0.9851 -0.1476
vn -0.0084 -0.9851 -0.1720
vn -0.3333 -0.1456 -0.9315
vn -0.3365 -0.0487 -0.9404
vn -0.2427 -0.0487 -0.9689
vn -0.2404 -0.1456 -0.9597
vn -0.1328 0.4249 -0.8954
vn -0.1261 0.5112 -0.8502
vn -0.0422 0.5112 -0.8584
vn -0.0445 0.4249 -0.9041
vn -0.0631 -0.9027 -0.4256
vn -0.0758 -0.8560 -0.5114
vn -0.0254 -0.8560 -0.5163
vn -0.0211 -0.9027 -0.4297
vn -0.1424 0.2413 -0.9600
vn -0.1382 0.3346 -0.9322
vn -0.0463 0.3346 -0.9412
vn -0.0477 0.2413 -0.9693
vn -0.0443 -0.9666 -0.2523
vn -0.0510 -0.9399 -0.3377
vn -0.0159 -0.9399 -0.3412
vn -0.0057 -0.9666 -0.2561
vn -0.1465 0.0487 -0.9880
vn -0.1451 0.1456 -0.9786
vn -0.0486 0.1456 -0.9882
vn -0.0491 0.0487 -0.9976
vn -0.0580 0.9851 -0.1621
vn -0.0088 0.9959 -0.0897
vn 0.0253 0.9851 -0.1703
vn -0.0088 -0.9959 -0.0897
vn -0.0580 -0.9851 -0.1621
vn 0.0253 -0.9851 -0.1703
vn -0.1451 -0.1456 -0.9786
vn -0.1465 -0.0487 -0.9880
vn -0.0491 -0.0487 -0.9976
vn -0.0486 -0.1456 -0.9882
vn -0.0510 0.9399 -0.3377
vn -0.0443 0.9666 -0.2523
vn -0.0057 0.9666 -0.2561
vn -0.0159 0.9399 -0.3412
vn -0.1382 -0.3346 -0.9322
vn -0.1424 -0.2413 -0.9600
vn -0.0477 -0.2413 -0.9693
vn -0.0463 -0.3346 -0.9412
vn -0.0758 0.8560 -0.5114
vn -0.0631 0.9027 -0.4256
vn -0.0211 0.9027 -0.4297
vn -0.0254 0.8560 -0.5163
vn -0.1261 -0.5112 -0.8502
vn -0.1328 -0.4249 -0.8954
vn -0.0445 -0.4249 -0.9041
vn -0.0422 -0.5112 -0.8584
vn -0.0989 0.7384 -0.6670
vn -0.0878 0.8010 -0.5922
vn -0.0294 0.8010 -0.5979
vn -0.0331 0.7384 -0.6735
vn -0.1091 -0.6687 -0.7355
vn -0.1181 -0.5928 -0.7966
vn -0.0395 -0.5928 -0.8044
vn -0.0365 -0.6687 -0.7426
vn -0.1181 0.5928 -0.7966
vn -0.1091 0.6687 -0.7355
vn -0.0365 0.6687 -0.7426
vn -0.0395 0.5928 -0.8044
vn -0.0878 -0.8010 -0.5922
vn -0.0989 -0.7384 -0.6670
vn -0.0331 -0.7384 -0.6735
vn -0.0294 -0.8010 -0.5979
vt 0.750000 0.187500
vt 0.750000 0.218750
vt 0.734375 0.218750
vt 0.734375 0.187500
vt 0.750000 0.250000
vt 0.734375 0.250000
vt 0.718750 0.250000
vt 0.718750 0.218750
vt 0.718750 0.187500
vt 0.750000 0.625000
vt 0.750000 0.656250
vt 0.734375 0.656250
vt 0.734375 0.625000
vt 0.750000 0.687500
vt 0.734375 0.687500
vt 0.718750 0.687500
vt 0.718750 0.656250
vt 0.718750 0.625000
vt 0.750000 0.125000
vt 0.750000 0.156250
vt 0.734375 0.156250
vt 0.734375 0.125000
vt 0.718750 0.156250
vt 0.718750 0.125000
vt 0.750000 0.562500
vt 0.750000 0.593750
vt 0.734375 0.593750
vt 0.734375 0.562500
vt 0.718750 0.593750
vt 0.718750 0.562500
vt 0.750000 0.062500
vt 0.750000 0.093895
vt 0.734375 0.094039
vt 0.734375 0.064815
vt 0.750000 0.125000
vt 0.734375 0.125000
vt 0.718750 0.125000
vt 0.718750 0.093895
vt 0.718750 0.062500
vt 0.750000 0.500000
vt 0.750000 0.531250
vt 0.734375 0.531250
vt 0.734375 0.500000
vt 0.718750 0.531250
vt 0.718750 0.500000
vt 0.750000 0.937500
vt 0.742188 0.968750
vt 0.734375 0.957899
vt 0.734375 0.935185
vt 0.734375 1.000000
vt 0.726563 0.968750
vt 0.742188 0.968750
vt 0.718750 0.937500
vt 0.734375 0.935185
vt 0.734375 0.000000
vt 0.742188 0.031250
vt 0.734375 0.042101
vt 0.726563 0.031250
vt 0.734375 0.064815
vt 0.742188 0.031250
vt 0.734375 0.064815
vt 0.750000 0.437500
vt 0.750000 0.468750
vt 0.734375 0.468750
vt 0.734375 0.437500
vt 0.718750 0.468750
vt 0.718750 0.437500
vt 0.750000 0.875000
vt 0.750000 0.906105
vt 0.734375 0.905961
vt 0.734375 0.875000
vt 0.718750 0.906105
vt 0.718750 0.875000
vt 0.750000 0.375000
vt 0.750000 0.406250
vt 0.734375 0.406250
vt 0.734375 0.375000
vt 0.718750 0.406250
vt 0.718750 0.375000
vt 0.750000 0.812500
vt 0.750000 0.843750
vt 0.734375 0.843750
vt 0.734375 0.812500
vt 0.750000 0.875000
vt 0.718750 0.875000
vt 0.718750 0.843750
vt 0.718750 0.812500
vt 0.750000 0.312500
vt 0.750000 0.343750
vt 0.734375 0.343750
vt 0.734375 0.312500
vt 0.718750 0.343750
vt 0.718750 0.312500
vt 0.750000 0.750000
vt 0.750000 0.781250
vt 0.734375 0.781250
vt 0.734375 0.750000
vt 0.718750 0.781250
vt 0.718750 0.750000
vt 0.750000 0.281250
vt 0.734375 0.281250
vt 0.718750 0.281250
vt 0.750000 0.718750
vt 0.734375 0.718750
vt 0.718750 0.718750
vt 0.703125 0.281250
vt 0.703125 0.250000
vt 0.703125 0.312500
vt 0.687500 0.312500
vt 0.687500 0.281250
vt 0.687500 0.250000
vt 0.703125 0.718750
vt 0.703125 0.687500
vt 0.703125 0.750000
vt 0.687500 0.750000
vt 0.687500 0.718750
vt 0.687500 0.687500
vt 0.703125 0.218750
vt 0.703125 0.187500
vt 0.687500 0.218750
vt 0.687500 0.187500
vt 0.703125 0.656250
vt 0.703125 0.625000
vt 0.687500 0.656250
vt 0.687500 0.625000
vt 0.703125 0.156250
vt 0.703125 0.125000
vt 0.687500 0.156250
vt 0.687500 0.125000
vt 0.703125 0.593750
vt 0.703125 0.562500
vt 0.687500 0.593750
vt 0.687500 0.562500
vt 0.703125 0.094039
vt 0.703125 0.064815
vt 0.703125 0.125000
vt 0.687500 0.125000
vt 0.687500 0.093895
vt 0.687500 0.062500
vt 0.703125 0.531250
vt 0.703125 0.500000
vt 0.687500 0.531250
vt 0.687500 0.500000
vt 0.710938 0.968750
vt 0.703125 0.957899
vt 0.703125 0.935185
vt 0.703125 1.000000
vt 0.695313 0.968750
vt 0.710938 0.968750
vt 0.687500 0.937500
vt 0.703125 0.935185
vt 0.695313 0.968750
vt 0.703125 0.000000
vt 0.710938 0.031250
vt 0.703125 0.042101
vt 0.695313 0.031250
vt 0.710938 0.031250
vt 0.695313 0.031250
vt 0.703125 0.468750
vt 0.703125 0.437500
vt 0.687500 0.468750
vt 0.687500 0.437500
vt 0.703125 0.905961
vt 0.703125 0.875000
vt 0.687500 0.906105
vt 0.687500 0.875000
vt 0.703125 0.406250
vt 0.703125 0.375000
vt 0.687500 0.406250
vt 0.687500 0.375000
vt 0.703125 0.843750
vt 0.703125 0.812500
vt 0.703125 0.875000
vt 0.687500 0.875000
vt 0.687500 0.843750
vt 0.687500 0.812500
vt 0.703125 0.343750
vt 0.687500 0.343750
vt 0.703125 0.781250
vt 0.687500 0.781250
vt 0.679688 0.968750
vt 0.671875 0.957899
vt 0.671875 0.935185
vt 0.671875 1.000000
vt 0.664063 0.968750
vt 0.679688 0.968750
vt 0.656250 0.937500
vt 0.671875 0.935185
vt 0.671875 0.000000
vt 0.679688 0.031250
vt 0.671875 0.042101
vt 0.664063 0.031250
vt 0.671875 0.064815
vt 0.679688 0.031250
vt 0.656250 0.062500
vt 0.671875 0.064815
vt 0.671875 0.468750
vt 0.671875 0.437500
vt 0.671875 0.500000
vt 0.656250 0.500000
vt 0.656250 0.468750
vt 0.656250 0.437500
vt 0.671875 0.905961
vt 0.671875 0.875000
vt 0.656250 0.906105
vt 0.656250 0.875000
vt 0.671875 0.406250
vt 0.671875 0.375000
vt 0.656250 0.406250
vt 0.656250 0.375000
vt 0.671875 0.843750
vt 0.671875 0.812500
vt 0.671875 0.875000
vt 0.656250 0.843750
vt 0.656250 0.812500
vt 0.671875 0.343750
vt 0.671875 0.312500
vt 0.656250 0.343750
vt 0.656250 0.312500
vt 0.671875 0.781250
vt 0.671875 0.750000
vt 0.656250 0.781250
vt 0.656250 0.750000
vt 0.671875 0.281250
vt 0.671875 0.250000
vt 0.656250 0.281250
vt 0.656250 0.250000
vt 0.671875 0.718750
vt 0.671875 0.687500
vt 0.656250 0.718750
vt 0.656250 0.687500
vt 0.671875 0.218750
vt 0.671875 0.187500
vt 0.656250 0.218750
vt 0.656250 0.187500
vt 0.671875 0.656250
vt 0.671875 0.625000
vt 0.656250 0.656250
vt 0.656250 0.625000
vt 0.671875 0.156250
vt 0.671875 0.125000
vt 0.656250 0.156250
vt 0.656250 0.125000
vt 0.671875 0.593750
vt 0.671875 0.562500
vt 0.656250 0.593750
vt 0.656250 0.562500
vt 0.671875 0.094039
vt 0.671875 0.064815
vt 0.656250 0.093895
vt 0.671875 0.531250
vt 0.656250 0.531250
vt 0.640625 0.718750
vt 0.640625 0.687500
vt 0.640625 0.750000
vt 0.625000 0.750000
vt 0.625000 0.718750
vt 0.625000 0.687500
vt 0.640625 0.218750
vt 0.640625 0.187500
vt 0.640625 0.250000
vt 0.625000 0.250000
vt 0.625000 0.218750
vt 0.625000 0.187500
vt 0.640625 0.656250
vt 0.640625 0.625000
vt 0.625000 0.656250
vt 0.625000 0.625000
vt 0.640625 0.156250
vt 0.640625 0.125000
vt 0.625000 0.156250
vt 0.625000 0.125000
vt 0.640625 0.593750
vt 0.640625 0.562500
vt 0.625000 0.593750
vt 0.625000 0.562500
vt 0.640625 0.094039
vt 0.640625 0.064815
vt 0.640625 0.125000
vt 0.625000 0.125000
vt 0.625000 0.093895
vt 0.625000 0.062500
vt 0.640625 0.531250
vt 0.640625 0.500000
vt 0.625000 0.531250
vt 0.625000 0.500000
vt 0.648438 0.968750
vt 0.640625 0.957899
vt 0.640625 0.935185
vt 0.640625 1.000000
vt 0.632813 0.968750
vt 0.648438 0.968750
vt 0.625000 0.937500
vt 0.640625 0.935185
vt 0.632813 0.968750
vt 0.640625 0.000000
vt 0.648438 0.031250
vt 0.640625 0.042101
vt 0.632813 0.031250
vt 0.640625 0.064815
vt 0.648438 0.031250
vt 0.632813 0.031250
vt 0.640625 0.064815
vt 0.640625 0.468750
vt 0.640625 0.437500
vt 0.625000 0.468750
vt 0.625000 0.437500
vt 0.640625 0.905961
vt 0.640625 0.875000
vt 0.625000 0.906105
vt 0.625000 0.875000
vt 0.640625 0.406250
vt 0.640625 0.375000
vt 0.625000 0.406250
vt 0.625000 0.375000
vt 0.640625 0.843750
vt 0.640625 0.812500
vt 0.640625 0.875000
vt 0.625000 0.875000
vt 0.625000 0.843750
vt 0.625000 0.812500
vt 0.640625 0.343750
vt 0.640625 0.312500
vt 0.625000 0.343750
vt 0.625000 0.312500
vt 0.640625 0.781250
vt 0.625000 0.781250
vt 0.640625 0.281250
vt 0.625000 0.281250
vt 0.609375 0.468750
vt 0.609375 0.437500
vt 0.609375 0.500000
vt 0.593750 0.500000
vt 0.593750 0.468750
vt 0.593750 0.437500
vt 0.609375 0.905961
vt 0.609375 0.875000
vt 0.609375 0.935185
vt 0.593750 0.937500
vt 0.593750 0.906105
vt 0.593750 0.875000
vt 0.609375 0.406250
vt 0.609375 0.375000
vt 0.593750 0.406250
vt 0.593750 0.375000
vt 0.609375 0.843750
vt 0.609375 0.812500
vt 0.609375 0.875000
vt 0.593750 0.875000
vt 0.593750 0.843750
vt 0.593750 0.812500
vt 0.609375 0.343750
vt 0.609375 0.312500
vt 0.593750 0.343750
vt 0.593750 0.312500
vt 0.609375 0.781250
vt 0.609375 0.750000
vt 0.593750 0.781250
vt 0.593750 0.750000
vt 0.609375 0.281250
vt 0.609375 0.250000
vt 0.593750 0.281250
vt 0.593750 0.250000
vt 0.609375 0.718750
vt 0.609375 0.687500
vt 0.593750 0.718750
vt 0.593750 0.687500
vt 0.609375 0.218750
vt 0.609375 0.187500
vt 0.593750 0.218750
vt 0.593750 0.187500
vt 0.609375 0.656250
vt 0.609375 0.625000
vt 0.593750 0.656250
vt 0.593750 0.625000
vt 0.609375 0.156250
vt 0.609375 0.125000
vt 0.593750 0.156250
vt 0.593750 0.125000
vt 0.609375 0.593750
vt 0.609375 0.562500
vt 0.593750 0.593750
vt 0.593750 0.562500
vt 0.609375 0.094039
vt 0.609375 0.064815
vt 0.593750 0.125000
vt 0.593750 0.093895
vt 0.593750 0.062500
vt 0.609375 0.531250
vt 0.593750 0.531250
vt 0.617188 0.968750
vt 0.609375 0.957899
vt 0.609375 1.000000
vt 0.601563 0.968750
vt 0.609375 0.935185
vt 0.601563 0.968750
vt 0.609375 0.000000
vt 0.617188 0.031250
vt 0.609375 0.042101
vt 0.601563 0.031250
vt 0.609375 0.064815
vt 0.601563 0.031250
vt 0.578125 0.218750
vt 0.578125 0.187500
vt 0.578125 0.250000
vt 0.562500 0.250000
vt 0.562500 0.218750
vt 0.562500 0.187500
vt 0.578125 0.656250
vt 0.578125 0.625000
vt 0.578125 0.687500
vt 0.562500 0.687500
vt 0.562500 0.656250
vt 0.562500 0.625000
vt 0.578125 0.156250
vt 0.578125 0.125000
vt 0.562500 0.156250
vt 0.562500 0.125000
vt 0.578125 0.593750
vt 0.578125 0.562500
vt 0.562500 0.593750
vt 0.562500 0.562500
vt 0.578125 0.094039
vt 0.578125 0.064815
vt 0.578125 0.125000
vt 0.562500 0.125000
vt 0.562500 0.093895
vt 0.562500 0.062500
vt 0.578125 0.531250
vt 0.578125 0.500000
vt 0.562500 0.531250
vt 0.562500 0.500000
vt 0.585938 0.968750
vt 0.578125 0.957899
vt 0.578125 0.935185
vt 0.578125 1.000000
vt 0.570313 0.968750
vt 0.585938 0.968750
vt 0.562500 0.937500
vt 0.578125 0.935185
vt 0.578125 0.000000
vt 0.585938 0.031250
vt 0.578125 0.042101
vt 0.570313 0.031250
vt 0.585938 0.031250
vt 0.578125 0.064815
vt 0.578125 0.468750
vt 0.578125 0.437500
vt 0.562500 0.468750
vt 0.562500 0.437500
vt 0.578125 0.905961
vt 0.578125 0.875000
vt 0.562500 0.906105
vt 0.562500 0.875000
vt 0.578125 0.406250
vt 0.578125 0.375000
vt 0.562500 0.406250
vt 0.562500 0.375000
vt 0.578125 0.843750
vt 0.578125 0.812500
vt 0.578125 0.875000
vt 0.562500 0.843750
vt 0.562500 0.812500
vt 0.578125 0.343750
vt 0.578125 0.312500
vt 0.562500 0.343750
vt 0.562500 0.312500
vt 0.578125 0.781250
vt 0.578125 0.750000
vt 0.562500 0.781250
vt 0.562500 0.750000
vt 0.578125 0.281250
vt 0.562500 0.281250
vt 0.578125 0.718750
vt 0.562500 0.718750
vt 0.546875 0.406250
vt 0.546875 0.375000
vt 0.546875 0.437500
vt 0.531250 0.437500
vt 0.531250 0.406250
vt 0.531250 0.375000
vt 0.546875 0.843750
vt 0.546875 0.812500
vt 0.546875 0.875000
vt 0.531250 0.875000
vt 0.531250 0.843750
vt 0.531250 0.812500
vt 0.546875 0.343750
vt 0.546875 0.312500
vt 0.531250 0.343750
vt 0.531250 0.312500
vt 0.546875 0.781250
vt 0.546875 0.750000
vt 0.531250 0.781250
vt 0.531250 0.750000
vt 0.546875 0.281250
vt 0.546875 0.250000
vt 0.531250 0.281250
vt 0.531250 0.250000
vt 0.546875 0.718750
vt 0.546875 0.687500
vt 0.531250 0.718750
vt 0.531250 0.687500
vt 0.546875 0.218750
vt 0.546875 0.187500
vt 0.531250 0.218750
vt 0.531250 0.187500
vt 0.546875 0.656250
vt 0.546875 0.625000
vt 0.531250 0.656250
vt 0.531250 0.625000
vt 0.546875 0.156250
vt 0.546875 0.125000
vt 0.531250 0.156250
vt 0.531250 0.125000
vt 0.546875 0.593750
vt 0.546875 0.562500
vt 0.531250 0.593750
vt 0.531250 0.562500
vt 0.546875 0.094039
vt 0.546875 0.064815
vt 0.531250 0.125000
vt 0.531250 0.093895
vt 0.531250 0.062500
vt 0.546875 0.531250
vt 0.546875 0.500000
vt 0.531250 0.531250
vt 0.531250 0.500000
vt 0.554688 0.968750
vt 0.546875 0.957899
vt 0.546875 0.935185
vt 0.546875 1.000000
vt 0.539063 0.968750
vt 0.531250 0.937500
vt 0.546875 0.935185
vt 0.546875 0.000000
vt 0.554688 0.031250
vt 0.546875 0.042101
vt 0.539063 0.031250
vt 0.546875 0.064815
vt 0.546875 0.468750
vt 0.531250 0.468750
vt 0.546875 0.905961
vt 0.546875 0.875000
vt 0.531250 0.906105
vt 0.515625 0.156250
vt 0.515625 0.125000
vt 0.515625 0.187500
vt 0.500000 0.187500
vt 0.500000 0.156250
vt 0.500000 0.125000
vt 0.515625 0.593750
vt 0.515625 0.562500
vt 0.515625 0.625000
vt 0.500000 0.625000
vt 0.500000 0.593750
vt 0.500000 0.562500
vt 0.515625 0.094039
vt 0.515625 0.064815
vt 0.515625 0.125000
vt 0.500000 0.125000
vt 0.500000 0.093895
vt 0.500000 0.062500
vt 0.515625 0.531250
vt 0.515625 0.500000
vt 0.500000 0.531250
vt 0.500000 0.500000
vt 0.523438 0.968750
vt 0.515625 0.957899
vt 0.515625 0.935185
vt 0.515625 1.000000
vt 0.507813 0.968750
vt 0.500000 0.937500
vt 0.515625 0.935185
vt 0.515625 0.000000
vt 0.523438 0.031250
vt 0.515625 0.042101
vt 0.507813 0.031250
vt 0.515625 0.468750
vt 0.515625 0.437500
vt 0.500000 0.468750
vt 0.500000 0.437500
vt 0.515625 0.905961
vt 0.515625 0.875000
vt 0.500000 0.906105
vt 0.500000 0.875000
vt 0.515625 0.406250
vt 0.515625 0.375000
vt 0.500000 0.406250
vt 0.500000 0.375000
vt 0.515625 0.843750
vt 0.515625 0.812500
vt 0.515625 0.875000
vt 0.500000 0.843750
vt 0.500000 0.812500
vt 0.515625 0.343750
vt 0.515625 0.312500
vt 0.500000 0.343750
vt 0.500000 0.312500
vt 0.515625 0.781250
vt 0.515625 0.750000
vt 0.500000 0.781250
vt 0.500000 0.750000
vt 0.515625 0.281250
vt 0.515625 0.250000
vt 0.500000 0.281250
vt 0.500000 0.250000
vt 0.515625 0.718750
vt 0.515625 0.687500
vt 0.500000 0.718750
vt 0.500000 0.687500
vt 0.515625 0.218750
vt 0.500000 0.218750
vt 0.515625 0.656250
vt 0.500000 0.656250
vt 0.484375 0.843750
vt 0.484375 0.812500
vt 0.484375 0.875000
vt 0.468750 0.875000
vt 0.468750 0.843750
vt 0.468750 0.812500
vt 0.484375 0.343750
vt 0.484375 0.312500
vt 0.484375 0.375000
vt 0.468750 0.375000
vt 0.468750 0.343750
vt 0.468750 0.312500
vt 0.484375 0.781250
vt 0.484375 0.750000
vt 0.468750 0.781250
vt 0.468750 0.750000
vt 0.484375 0.281250
vt 0.484375 0.250000
vt 0.468750 0.281250
vt 0.468750 0.250000
vt 0.484375 0.718750
vt 0.484375 0.687500
vt 0.468750 0.718750
vt 0.468750 0.687500
vt 0.484375 0.218750
vt 0.484375 0.187500
vt 0.468750 0.218750
vt 0.468750 0.187500
vt 0.484375 0.656250
vt 0.484375 0.625000
vt 0.468750 0.656250
vt 0.468750 0.625000
vt 0.484375 0.156250
vt 0.484375 0.125000
vt 0.468750 0.156250
vt 0.468750 0.125000
vt 0.484375 0.593750
vt 0.484375 0.562500
vt 0.468750 0.593750
vt 0.468750 0.562500
vt 0.484375 0.094039
vt 0.484375 0.064815
vt 0.484375 0.125000
vt 0.468750 0.125000
vt 0.468750 0.093895
vt 0.468750 0.062500
vt 0.484375 0.531250
vt 0.484375 0.500000
vt 0.468750 0.531250
vt 0.468750 0.500000
vt 0.492188 0.968750
vt 0.484375 0.957899
vt 0.484375 0.935185
vt 0.484375 1.000000
vt 0.476563 0.968750
vt 0.468750 0.937500
vt 0.484375 0.935185
vt 0.484375 0.000000
vt 0.492188 0.031250
vt 0.484375 0.042101
vt 0.476563 0.031250
vt 0.484375 0.064815
vt 0.484375 0.468750
vt 0.484375 0.437500
vt 0.468750 0.468750
vt 0.468750 0.437500
vt 0.484375 0.905961
vt 0.484375 0.875000
vt 0.468750 0.906105
vt 0.484375 0.406250
vt 0.468750 0.406250
vt 0.453125 0.593750
vt 0.453125 0.562500
vt 0.453125 0.625000
vt 0.437500 0.625000
vt 0.437500 0.593750
vt 0.437500 0.562500
vt 0.453125 0.094039
vt 0.453125 0.064815
vt 0.453125 0.125000
vt 0.437500 0.125000
vt 0.437500 0.093895
vt 0.437500 0.062500
vt 0.453125 0.531250
vt 0.453125 0.500000
vt 0.437500 0.531250
vt 0.437500 0.500000
vt 0.460938 0.968750
vt 0.453125 0.957899
vt 0.453125 0.935185
vt 0.453125 1.000000
vt 0.445313 0.968750
vt 0.437500 0.937500
vt 0.453125 0.935185
vt 0.453125 0.000000
vt 0.460938 0.031250
vt 0.453125 0.042101
vt 0.445313 0.031250
vt 0.453125 0.064815
vt 0.453125 0.468750
vt 0.453125 0.437500
vt 0.437500 0.468750
vt 0.437500 0.437500
vt 0.453125 0.905961
vt 0.453125 0.875000
vt 0.437500 0.906105
vt 0.437500 0.875000
vt 0.453125 0.406250
vt 0.453125 0.375000
vt 0.437500 0.406250
vt 0.437500 0.375000
vt 0.453125 0.843750
vt 0.453125 0.812500
vt 0.453125 0.875000
vt 0.437500 0.875000
vt 0.437500 0.843750
vt 0.437500 0.812500
vt 0.453125 0.343750
vt 0.453125 0.312500
vt 0.437500 0.343750
vt 0.437500 0.312500
vt 0.453125 0.781250
vt 0.453125 0.750000
vt 0.437500 0.781250
vt 0.437500 0.750000
vt 0.453125 0.281250
vt 0.453125 0.250000
vt 0.437500 0.281250
vt 0.437500 0.250000
vt 0.453125 0.718750
vt 0.453125 0.687500
vt 0.437500 0.718750
vt 0.437500 0.687500
vt 0.453125 0.218750
vt 0.453125 0.187500
vt 0.437500 0.218750
vt 0.437500 0.187500
vt 0.453125 0.656250
vt 0.437500 0.656250
vt 0.453125 0.156250
vt 0.453125 0.125000
vt 0.437500 0.156250
vt 0.437500 0.125000
vt 0.421875 0.343750
vt 0.421875 0.312500
vt 0.421875 0.375000
vt 0.406250 0.375000
vt 0.406250 0.343750
vt 0.406250 0.312500
vt 0.421875 0.781250
vt 0.421875 0.750000
vt 0.421875 0.812500
vt 0.406250 0.812500
vt 0.406250 0.781250
vt 0.406250 0.750000
vt 0.421875 0.281250
vt 0.421875 0.250000
vt 0.406250 0.281250
vt 0.406250 0.250000
vt 0.421875 0.718750
vt 0.421875 0.687500
vt 0.406250 0.718750
vt 0.406250 0.687500
vt 0.421875 0.218750
vt 0.421875 0.187500
vt 0.406250 0.218750
vt 0.406250 0.187500
vt 0.421875 0.656250
vt 0.421875 0.625000
vt 0.406250 0.656250
vt 0.406250 0.625000
vt 0.421875 0.156250
vt 0.421875 0.125000
vt 0.406250 0.156250
vt 0.406250 0.125000
vt 0.421875 0.593750
vt 0.421875 0.562500
vt 0.406250 0.593750
vt 0.406250 0.562500
vt 0.421875 0.094039
vt 0.421875 0.064815
vt 0.421875 0.125000
vt 0.406250 0.125000
vt 0.406250 0.093895
vt 0.406250 0.062500
vt 0.421875 0.531250
vt 0.421875 0.500000
vt 0.406250 0.531250
vt 0.406250 0.500000
vt 0.429688 0.968750
vt 0.421875 0.957899
vt 0.421875 0.935185
vt 0.421875 1.000000
vt 0.414063 0.968750
vt 0.406250 0.937500
vt 0.421875 0.935185
vt 0.421875 0.000000
vt 0.429688 0.031250
vt 0.421875 0.042101
vt 0.414063 0.031250
vt 0.421875 0.064815
vt 0.421875 0.064815
vt 0.421875 0.468750
vt 0.421875 0.437500
vt 0.406250 0.468750
vt 0.406250 0.437500
vt 0.421875 0.905961
vt 0.421875 0.875000
vt 0.406250 0.906105
vt 0.406250 0.875000
vt 0.421875 0.406250
vt 0.406250 0.406250
vt 0.421875 0.843750
vt 0.421875 0.875000
vt 0.406250 0.875000
vt 0.406250 0.843750
vt 0.390625 0.094039
vt 0.390625 0.064815
vt 0.390625 0.125000
vt 0.375000 0.125000
vt 0.375000 0.093895
vt 0.375000 0.062500
vt 0.390625 0.531250
vt 0.390625 0.500000
vt 0.390625 0.562500
vt 0.375000 0.562500
vt 0.375000 0.531250
vt 0.375000 0.500000
vt 0.398438 0.968750
vt 0.390625 0.957899
vt 0.390625 0.935185
vt 0.390625 1.000000
vt 0.382813 0.968750
vt 0.398438 0.968750
vt 0.375000 0.937500
vt 0.390625 0.935185
vt 0.390625 0.000000
vt 0.398438 0.031250
vt 0.390625 0.042101
vt 0.382813 0.031250
vt 0.390625 0.064815
vt 0.398438 0.031250
vt 0.390625 0.468750
vt 0.390625 0.437500
vt 0.375000 0.468750
vt 0.375000 0.437500
vt 0.390625 0.905961
vt 0.390625 0.875000
vt 0.375000 0.906105
vt 0.375000 0.875000
vt 0.390625 0.406250
vt 0.390625 0.375000
vt 0.375000 0.406250
vt 0.375000 0.375000
vt 0.390625 0.843750
vt 0.390625 0.812500
vt 0.390625 0.875000
vt 0.375000 0.843750
vt 0.375000 0.812500
vt 0.390625 0.343750
vt 0.390625 0.312500
vt 0.375000 0.343750
vt 0.375000 0.312500
vt 0.390625 0.781250
vt 0.390625 0.750000
vt 0.375000 0.781250
vt 0.375000 0.750000
vt 0.390625 0.281250
vt 0.390625 0.250000
vt 0.375000 0.281250
vt 0.375000 0.250000
vt 0.390625 0.718750
vt 0.390625 0.687500
vt 0.375000 0.718750
vt 0.375000 0.687500
vt 0.390625 0.218750
vt 0.390625 0.187500
vt 0.375000 0.218750
vt 0.375000 0.187500
vt 0.390625 0.656250
vt 0.390625 0.625000
vt 0.375000 0.656250
vt 0.375000 0.625000
vt 0.390625 0.156250
vt 0.375000 0.156250
vt 0.375000 0.125000
vt 0.390625 0.593750
vt 0.375000 0.593750
vt 0.359375 0.781250
vt 0.359375 0.750000
vt 0.359375 0.812500
vt 0.343750 0.812500
vt 0.343750 0.781250
vt 0.343750 0.750000
vt 0.359375 0.281250
vt 0.359375 0.250000
vt 0.359375 0.312500
vt 0.343750 0.312500
vt 0.343750 0.281250
vt 0.343750 0.250000
vt 0.359375 0.718750
vt 0.359375 0.687500
vt 0.343750 0.718750
vt 0.343750 0.687500
vt 0.359375 0.218750
vt 0.359375 0.187500
vt 0.343750 0.218750
vt 0.343750 0.187500
vt 0.359375 0.656250
vt 0.359375 0.625000
vt 0.343750 0.656250
vt 0.343750 0.625000
vt 0.359375 0.156250
vt 0.359375 0.125000
vt 0.343750 0.156250
vt 0.343750 0.125000
vt 0.359375 0.593750
vt 0.359375 0.562500
vt 0.343750 0.593750
vt 0.343750 0.562500
vt 0.359375 0.094039
vt 0.359375 0.064815
vt 0.359375 0.125000
vt 0.343750 0.125000
vt 0.343750 0.093895
vt 0.343750 0.062500
vt 0.359375 0.531250
vt 0.359375 0.500000
vt 0.343750 0.531250
vt 0.343750 0.500000
vt 0.367188 0.968750
vt 0.359375 0.957899
vt 0.359375 0.935185
vt 0.359375 1.000000
vt 0.351563 0.968750
vt 0.367188 0.968750
vt 0.343750 0.937500
vt 0.359375 0.935185
vt 0.359375 0.000000
vt 0.367188 0.031250
vt 0.359375 0.042101
vt 0.351563 0.031250
vt 0.367188 0.031250
vt 0.359375 0.064815
vt 0.359375 0.468750
vt 0.359375 0.437500
vt 0.343750 0.468750
vt 0.343750 0.437500
vt 0.359375 0.905961
vt 0.359375 0.875000
vt 0.343750 0.906105
vt 0.343750 0.875000
vt 0.359375 0.406250
vt 0.359375 0.375000
vt 0.343750 0.406250
vt 0.343750 0.375000
vt 0.359375 0.843750
vt 0.359375 0.875000
vt 0.343750 0.875000
vt 0.343750 0.843750
vt 0.359375 0.343750
vt 0.343750 0.343750
vt 0.328125 0.531250
vt 0.328125 0.500000
vt 0.328125 0.562500
vt 0.312500 0.562500
vt 0.312500 0.531250
vt 0.312500 0.500000
vt 0.335938 0.968750
vt 0.328125 0.957899
vt 0.328125 0.935185
vt 0.328125 1.000000
vt 0.320313 0.968750
vt 0.335938 0.968750
vt 0.312500 0.937500
vt 0.328125 0.935185
vt 0.328125 0.000000
vt 0.335938 0.031250
vt 0.328125 0.042101
vt 0.320313 0.031250
vt 0.328125 0.064815
vt 0.335938 0.031250
vt 0.312500 0.062500
vt 0.328125 0.064815
vt 0.328125 0.468750
vt 0.328125 0.437500
vt 0.312500 0.468750
vt 0.312500 0.437500
vt 0.328125 0.905961
vt 0.328125 0.875000
vt 0.312500 0.906105
vt 0.312500 0.875000
vt 0.328125 0.406250
vt 0.328125 0.375000
vt 0.312500 0.406250
vt 0.312500 0.375000
vt 0.328125 0.843750
vt 0.328125 0.812500
vt 0.328125 0.875000
vt 0.312500 0.875000
vt 0.312500 0.843750
vt 0.312500 0.812500
vt 0.328125 0.343750
vt 0.328125 0.312500
vt 0.312500 0.343750
vt 0.312500 0.312500
vt 0.328125 0.781250
vt 0.328125 0.750000
vt 0.312500 0.781250
vt 0.312500 0.750000
vt 0.328125 0.281250
vt 0.328125 0.250000
vt 0.312500 0.281250
vt 0.312500 0.250000
vt 0.328125 0.718750
vt 0.328125 0.687500
vt 0.312500 0.718750
vt 0.312500 0.687500
vt 0.328125 0.218750
vt 0.328125 0.187500
vt 0.312500 0.218750
vt 0.312500 0.187500
vt 0.328125 0.656250
vt 0.328125 0.625000
vt 0.312500 0.656250
vt 0.312500 0.625000
vt 0.328125 0.156250
vt 0.328125 0.125000
vt 0.312500 0.156250
vt 0.312500 0.125000
vt 0.328125 0.593750
vt 0.312500 0.593750
vt 0.328125 0.094039
vt 0.328125 0.125000
vt 0.312500 0.125000
vt 0.312500 0.093895
vt 0.296875 0.281250
vt 0.296875 0.250000
vt 0.296875 0.312500
vt 0.281250 0.312500
vt 0.281250 0.281250
vt 0.281250 0.250000
vt 0.296875 0.718750
vt 0.296875 0.687500
vt 0.296875 0.750000
vt 0.281250 0.750000
vt 0.281250 0.718750
vt 0.281250 0.687500
vt 0.296875 0.218750
vt 0.296875 0.187500
vt 0.281250 0.218750
vt 0.281250 0.187500
vt 0.296875 0.656250
vt 0.296875 0.625000
vt 0.281250 0.656250
vt 0.281250 0.625000
vt 0.296875 0.156250
vt 0.296875 0.125000
vt 0.281250 0.156250
vt 0.281250 0.125000
vt 0.296875 0.593750
vt 0.296875 0.562500
vt 0.281250 0.593750
vt 0.281250 0.562500
vt 0.296875 0.094039
vt 0.296875 0.064815
vt 0.281250 0.125000
vt 0.281250 0.093895
vt 0.281250 0.062500
vt 0.296875 0.531250
vt 0.296875 0.500000
vt 0.281250 0.531250
vt 0.281250 0.500000
vt 0.304688 0.968750
vt 0.296875 0.957899
vt 0.296875 0.935185
vt 0.296875 1.000000
vt 0.289063 0.968750
vt 0.304688 0.968750
vt 0.281250 0.937500
vt 0.296875 0.935185
vt 0.289063 0.968750
vt 0.296875 0.000000
vt 0.304688 0.031250
vt 0.296875 0.042101
vt 0.289063 0.031250
vt 0.296875 0.064815
vt 0.304688 0.031250
vt 0.289063 0.031250
vt 0.296875 0.468750
vt 0.296875 0.437500
vt 0.281250 0.468750
vt 0.281250 0.437500
vt 0.296875 0.905961
vt 0.296875 0.875000
vt 0.281250 0.906105
vt 0.281250 0.875000
vt 0.296875 0.406250
vt 0.296875 0.375000
vt 0.281250 0.406250
vt 0.281250 0.375000
vt 0.296875 0.843750
vt 0.296875 0.812500
vt 0.296875 0.875000
vt 0.281250 0.875000
vt 0.281250 0.843750
vt 0.281250 0.812500
vt 0.296875 0.343750
vt 0.281250 0.343750
vt 0.296875 0.781250
vt 0.281250 0.781250
vt 0.265625 0.000000
vt 0.273438 0.031250
vt 0.265625 0.042101
vt 0.257813 0.031250
vt 0.265625 0.064815
vt 0.250000 0.062500
vt 0.265625 0.468750
vt 0.265625 0.437500
vt 0.265625 0.500000
vt 0.250000 0.500000
vt 0.250000 0.468750
vt 0.250000 0.437500
vt 0.265625 0.905961
vt 0.265625 0.875000
vt 0.265625 0.935185
vt 0.250000 0.937500
vt 0.250000 0.906105
vt 0.250000 0.875000
vt 0.265625 0.406250
vt 0.265625 0.375000
vt 0.250000 0.406250
vt 0.250000 0.375000
vt 0.265625 0.843750
vt 0.265625 0.812500
vt 0.265625 0.875000
vt 0.250000 0.843750
vt 0.250000 0.812500
vt 0.265625 0.343750
vt 0.265625 0.312500
vt 0.250000 0.343750
vt 0.250000 0.312500
vt 0.265625 0.781250
vt 0.265625 0.750000
vt 0.250000 0.781250
vt 0.250000 0.750000
vt 0.265625 0.281250
vt 0.265625 0.250000
vt 0.250000 0.281250
vt 0.250000 0.250000
vt 0.265625 0.718750
vt 0.265625 0.687500
vt 0.250000 0.718750
vt 0.250000 0.687500
vt 0.265625 0.218750
vt 0.265625 0.187500
vt 0.250000 0.218750
vt 0.250000 0.187500
vt 0.265625 0.656250
vt 0.265625 0.625000
vt 0.250000 0.656250
vt 0.250000 0.625000
vt 0.265625 0.156250
vt 0.265625 0.125000
vt 0.250000 0.156250
vt 0.250000 0.125000
vt 0.265625 0.593750
vt 0.265625 0.562500
vt 0.250000 0.593750
vt 0.250000 0.562500
vt 0.265625 0.094039
vt 0.265625 0.125000
vt 0.250000 0.125000
vt 0.250000 0.093895
vt 0.265625 0.531250
vt 0.250000 0.531250
vt 0.273438 0.968750
vt 0.265625 0.957899
vt 0.265625 1.000000
vt 0.257813 0.968750
vt 0.265625 0.935185
vt 0.234375 0.218750
vt 0.234375 0.187500
vt 0.234375 0.250000
vt 0.218750 0.250000
vt 0.218750 0.218750
vt 0.218750 0.187500
vt 0.234375 0.656250
vt 0.234375 0.625000
vt 0.234375 0.687500
vt 0.218750 0.687500
vt 0.218750 0.656250
vt 0.218750 0.625000
vt 0.234375 0.156250
vt 0.234375 0.125000
vt 0.218750 0.156250
vt 0.218750 0.125000
vt 0.234375 0.593750
vt 0.234375 0.562500
vt 0.218750 0.593750
vt 0.218750 0.562500
vt 0.234375 0.094039
vt 0.234375 0.064815
vt 0.218750 0.125000
vt 0.218750 0.093895
vt 0.218750 0.062500
vt 0.234375 0.531250
vt 0.234375 0.500000
vt 0.218750 0.531250
vt 0.218750 0.500000
vt 0.242188 0.968750
vt 0.234375 0.957899
vt 0.234375 0.935185
vt 0.234375 1.000000
vt 0.226563 0.968750
vt 0.218750 0.937500
vt 0.234375 0.935185
vt 0.234375 0.000000
vt 0.242188 0.031250
vt 0.234375 0.042101
vt 0.226563 0.031250
vt 0.234375 0.064815
vt 0.234375 0.064815
vt 0.234375 0.468750
vt 0.234375 0.437500
vt 0.218750 0.468750
vt 0.218750 0.437500
vt 0.234375 0.905961
vt 0.234375 0.875000
vt 0.218750 0.906105
vt 0.218750 0.875000
vt 0.234375 0.406250
vt 0.234375 0.375000
vt 0.218750 0.406250
vt 0.218750 0.375000
vt 0.234375 0.843750
vt 0.234375 0.812500
vt 0.234375 0.875000
vt 0.218750 0.875000
vt 0.218750 0.843750
vt 0.218750 0.812500
vt 0.234375 0.343750
vt 0.234375 0.312500
vt 0.218750 0.343750
vt 0.218750 0.312500
vt 0.234375 0.781250
vt 0.234375 0.750000
vt 0.218750 0.781250
vt 0.218750 0.750000
vt 0.234375 0.281250
vt 0.218750 0.281250
vt 0.234375 0.718750
vt 0.218750 0.718750
vt 0.203125 0.905961
vt 0.203125 0.875000
vt 0.203125 0.935185
vt 0.187500 0.937500
vt 0.187500 0.906105
vt 0.187500 0.875000
vt 0.203125 0.406250
vt 0.203125 0.375000
vt 0.203125 0.437500
vt 0.187500 0.437500
vt 0.187500 0.406250
vt 0.187500 0.375000
vt 0.203125 0.843750
vt 0.203125 0.812500
vt 0.203125 0.875000
vt 0.187500 0.875000
vt 0.187500 0.843750
vt 0.187500 0.812500
vt 0.203125 0.343750
vt 0.203125 0.312500
vt 0.187500 0.343750
vt 0.187500 0.312500
vt 0.203125 0.781250
vt 0.203125 0.750000
vt 0.187500 0.781250
vt 0.187500 0.750000
vt 0.203125 0.281250
vt 0.203125 0.250000
vt 0.187500 0.281250
vt 0.187500 0.250000
vt 0.203125 0.718750
vt 0.203125 0.687500
vt 0.187500 0.718750
vt 0.187500 0.687500
vt 0.203125 0.218750
vt 0.203125 0.187500
vt 0.187500 0.218750
vt 0.187500 0.187500
vt 0.203125 0.656250
vt 0.203125 0.625000
vt 0.187500 0.656250
vt 0.187500 0.625000
vt 0.203125 0.156250
vt 0.203125 0.125000
vt 0.187500 0.156250
vt 0.187500 0.125000
vt 0.203125 0.593750
vt 0.203125 0.562500
vt 0.187500 0.593750
vt 0.187500 0.562500
vt 0.203125 0.094039
vt 0.203125 0.064815
vt 0.203125 0.125000
vt 0.187500 0.125000
vt 0.187500 0.093895
vt 0.187500 0.062500
vt 0.203125 0.531250
vt 0.203125 0.500000
vt 0.187500 0.531250
vt 0.187500 0.500000
vt 0.210938 0.968750
vt 0.203125 0.957899
vt 0.203125 1.000000
vt 0.195313 0.968750
vt 0.210938 0.968750
vt 0.203125 0.935185
vt 0.203125 0.000000
vt 0.210938 0.031250
vt 0.203125 0.042101
vt 0.195313 0.031250
vt 0.210938 0.031250
vt 0.203125 0.064815
vt 0.203125 0.468750
vt 0.187500 0.468750
vt 0.171875 0.656250
vt 0.171875 0.625000
vt 0.171875 0.687500
vt 0.156250 0.687500
vt 0.156250 0.656250
vt 0.156250 0.625000
vt 0.171875 0.156250
vt 0.171875 0.125000
vt 0.171875 0.187500
vt 0.156250 0.187500
vt 0.156250 0.156250
vt 0.156250 0.125000
vt 0.171875 0.593750
vt 0.171875 0.562500
vt 0.156250 0.593750
vt 0.156250 0.562500
vt 0.171875 0.094039
vt 0.171875 0.064815
vt 0.171875 0.125000
vt 0.156250 0.125000
vt 0.156250 0.093895
vt 0.156250 0.062500
vt 0.171875 0.531250
vt 0.171875 0.500000
vt 0.156250 0.531250
vt 0.156250 0.500000
vt 0.179688 0.968750
vt 0.171875 0.957899
vt 0.171875 0.935185
vt 0.171875 1.000000
vt 0.164063 0.968750
vt 0.156250 0.937500
vt 0.171875 0.935185
vt 0.171875 0.000000
vt 0.179688 0.031250
vt 0.171875 0.042101
vt 0.164063 0.031250
vt 0.171875 0.064815
vt 0.171875 0.468750
vt 0.171875 0.437500
vt 0.156250 0.468750
vt 0.156250 0.437500
vt 0.171875 0.905961
vt 0.171875 0.875000
vt 0.156250 0.906105
vt 0.156250 0.875000
vt 0.171875 0.406250
vt 0.171875 0.375000
vt 0.156250 0.406250
vt 0.156250 0.375000
vt 0.171875 0.843750
vt 0.171875 0.812500
vt 0.171875 0.875000
vt 0.156250 0.875000
vt 0.156250 0.843750
vt 0.156250 0.812500
vt 0.171875 0.343750
vt 0.171875 0.312500
vt 0.156250 0.343750
vt 0.156250 0.312500
vt 0.171875 0.781250
vt 0.171875 0.750000
vt 0.156250 0.781250
vt 0.156250 0.750000
vt 0.171875 0.281250
vt 0.171875 0.250000
vt 0.156250 0.281250
vt 0.156250 0.250000
vt 0.171875 0.718750
vt 0.156250 0.718750
vt 0.171875 0.218750
vt 0.156250 0.218750
vt 0.140625 0.406250
vt 0.140625 0.375000
vt 0.140625 0.437500
vt 0.125000 0.437500
vt 0.125000 0.406250
vt 0.125000 0.375000
vt 0.140625 0.843750
vt 0.140625 0.812500
vt 0.140625 0.875000
vt 0.125000 0.875000
vt 0.125000 0.843750
vt 0.125000 0.812500
vt 0.140625 0.343750
vt 0.140625 0.312500
vt 0.125000 0.343750
vt 0.125000 0.312500
vt 0.140625 0.781250
vt 0.140625 0.750000
vt 0.125000 0.781250
vt 0.125000 0.750000
vt 0.140625 0.281250
vt 0.140625 0.250000
vt 0.125000 0.281250
vt 0.125000 0.250000
vt 0.140625 0.718750
vt 0.140625 0.687500
vt 0.125000 0.718750
vt 0.125000 0.687500
vt 0.140625 0.218750
vt 0.140625 0.187500
vt 0.125000 0.218750
vt 0.125000 0.187500
vt 0.140625 0.656250
vt 0.140625 0.625000
vt 0.125000 0.656250
vt 0.125000 0.625000
vt 0.140625 0.156250
vt 0.140625 0.125000
vt 0.125000 0.156250
vt 0.125000 0.125000
vt 0.140625 0.593750
vt 0.140625 0.562500
vt 0.125000 0.593750
vt 0.125000 0.562500
vt 0.140625 0.094039
vt 0.140625 0.064815
vt 0.140625 0.125000
vt 0.125000 0.125000
vt 0.125000 0.093895
vt 0.125000 0.062500
vt 0.140625 0.531250
vt 0.140625 0.500000
vt 0.125000 0.531250
vt 0.125000 0.500000
vt 0.148438 0.968750
vt 0.140625 0.957899
vt 0.140625 0.935185
vt 0.140625 1.000000
vt 0.132813 0.968750
vt 0.148438 0.968750
vt 0.125000 0.937500
vt 0.140625 0.935185
vt 0.140625 0.000000
vt 0.148438 0.031250
vt 0.140625 0.042101
vt 0.132813 0.031250
vt 0.148438 0.031250
vt 0.140625 0.064815
vt 0.140625 0.468750
vt 0.125000 0.468750
vt 0.140625 0.905961
vt 0.140625 0.875000
vt 0.125000 0.906105
vt 0.125000 0.875000
vt 0.109375 0.156250
vt 0.109375 0.125000
vt 0.109375 0.187500
vt 0.093750 0.187500
vt 0.093750 0.156250
vt 0.093750 0.125000
vt 0.109375 0.593750
vt 0.109375 0.562500
vt 0.109375 0.625000
vt 0.093750 0.625000
vt 0.093750 0.593750
vt 0.093750 0.562500
vt 0.109375 0.094039
vt 0.109375 0.064815
vt 0.109375 0.125000
vt 0.093750 0.093895
vt 0.093750 0.062500
vt 0.109375 0.531250
vt 0.109375 0.500000
vt 0.093750 0.531250
vt 0.093750 0.500000
vt 0.117188 0.968750
vt 0.109375 0.957899
vt 0.109375 0.935185
vt 0.109375 1.000000
vt 0.101563 0.968750
vt 0.093750 0.937500
vt 0.109375 0.935185
vt 0.109375 0.000000
vt 0.117188 0.031250
vt 0.109375 0.042101
vt 0.101563 0.031250
vt 0.109375 0.064815
vt 0.109375 0.468750
vt 0.109375 0.437500
vt 0.093750 0.468750
vt 0.093750 0.437500
vt 0.109375 0.905961
vt 0.109375 0.875000
vt 0.093750 0.906105
vt 0.093750 0.875000
vt 0.109375 0.406250
vt 0.109375 0.375000
vt 0.093750 0.406250
vt 0.093750 0.375000
vt 0.109375 0.843750
vt 0.109375 0.812500
vt 0.109375 0.875000
vt 0.093750 0.875000
vt 0.093750 0.843750
vt 0.093750 0.812500
vt 0.109375 0.343750
vt 0.109375 0.312500
vt 0.093750 0.343750
vt 0.093750 0.312500
vt 0.109375 0.781250
vt 0.109375 0.750000
vt 0.093750 0.781250
vt 0.093750 0.750000
vt 0.109375 0.281250
vt 0.109375 0.250000
vt 0.093750 0.281250
vt 0.093750 0.250000
vt 0.109375 0.718750
vt 0.109375 0.687500
vt 0.093750 0.718750
vt 0.093750 0.687500
vt 0.109375 0.218750
vt 0.093750 0.218750
vt 0.109375 0.656250
vt 0.093750 0.656250
vt 0.078125 0.843750
vt 0.078125 0.812500
vt 0.078125 0.875000
vt 0.062500 0.875000
vt 0.062500 0.843750
vt 0.062500 0.812500
vt 0.078125 0.343750
vt 0.078125 0.312500
vt 0.078125 0.375000
vt 0.062500 0.375000
vt 0.062500 0.343750
vt 0.062500 0.312500
vt 0.078125 0.781250
vt 0.078125 0.750000
vt 0.062500 0.781250
vt 0.062500 0.750000
vt 0.078125 0.281250
vt 0.078125 0.250000
vt 0.062500 0.281250
vt 0.062500 0.250000
vt 0.078125 0.718750
vt 0.078125 0.687500
vt 0.062500 0.718750
vt 0.062500 0.687500
vt 0.078125 0.218750
vt 0.078125 0.187500
vt 0.062500 0.218750
vt 0.062500 0.187500
vt 0.078125 0.656250
vt 0.078125 0.625000
vt 0.062500 0.656250
vt 0.062500 0.625000
vt 0.078125 0.156250
vt 0.078125 0.125000
vt 0.062500 0.156250
vt 0.062500 0.125000
vt 0.078125 0.593750
vt 0.078125 0.562500
vt 0.062500 0.593750
vt 0.062500 0.562500
vt 0.078125 0.094039
vt 0.078125 0.064815
vt 0.078125 0.125000
vt 0.062500 0.093895
vt 0.062500 0.062500
vt 0.078125 0.531250
vt 0.078125 0.500000
vt 0.062500 0.531250
vt 0.062500 0.500000
vt 0.085938 0.968750
vt 0.078125 0.957899
vt 0.078125 0.935185
vt 0.078125 1.000000
vt 0.070313 0.968750
vt 0.062500 0.937500
vt 0.078125 0.935185
vt 0.070313 0.968750
vt 0.078125 0.000000
vt 0.085938 0.031250
vt 0.078125 0.042101
vt 0.070313 0.031250
vt 0.078125 0.064815
vt 0.070313 0.031250
vt 0.078125 0.064815
vt 0.078125 0.468750
vt 0.078125 0.437500
vt 0.062500 0.468750
vt 0.062500 0.437500
vt 0.078125 0.905961
vt 0.078125 0.875000
vt 0.062500 0.906105
vt 0.062500 0.875000
vt 0.078125 0.406250
vt 0.062500 0.406250
vt 0.046875 0.593750
vt 0.046875 0.562500
vt 0.046875 0.625000
vt 0.031250 0.625000
vt 0.031250 0.593750
vt 0.031250 0.562500
vt 0.046875 0.094039
vt 0.046875 0.064815
vt 0.046875 0.125000
vt 0.031250 0.125000
vt 0.031250 0.093895
vt 0.031250 0.062500
vt 0.046875 0.531250
vt 0.046875 0.500000
vt 0.031250 0.531250
vt 0.031250 0.500000
vt 0.054687 0.968750
vt 0.046875 0.957899
vt 0.046875 0.935185
vt 0.046875 1.000000
vt 0.039062 0.968750
vt 0.031250 0.937500
vt 0.046875 0.935185
vt 0.046875 0.000000
vt 0.054687 0.031250
vt 0.046875 0.042101
vt 0.039062 0.031250
vt 0.046875 0.468750
vt 0.046875 0.437500
vt 0.031250 0.468750
vt 0.031250 0.437500
vt 0.046875 0.905961
vt 0.046875 0.875000
vt 0.031250 0.906105
vt 0.031250 0.875000
vt 0.046875 0.406250
vt 0.046875 0.375000
vt 0.031250 0.406250
vt 0.031250 0.375000
vt 0.046875 0.843750
vt 0.046875 0.812500
vt 0.031250 0.875000
vt 0.031250 0.843750
vt 0.031250 0.812500
vt 0.046875 0.343750
vt 0.046875 0.312500
vt 0.031250 0.343750
vt 0.031250 0.312500
vt 0.046875 0.781250
vt 0.046875 0.750000
vt 0.031250 0.781250
vt 0.031250 0.750000
vt 0.046875 0.281250
vt 0.046875 0.250000
vt 0.031250 0.281250
vt 0.031250 0.250000
vt 0.046875 0.718750
vt 0.046875 0.687500
vt 0.031250 0.718750
vt 0.031250 0.687500
vt 0.046875 0.218750
vt 0.046875 0.187500
vt 0.031250 0.218750
vt 0.031250 0.187500
vt 0.046875 0.656250
vt 0.031250 0.656250
vt 0.046875 0.156250
vt 0.046875 0.125000
vt 0.031250 0.156250
vt 0.031250 0.125000
vt 0.031250 0.312500
vt 0.015625 0.343750
vt 0.015625 0.312500
vt 0.015625 0.375000
vt 0.000000 0.375000
vt 0.000000 0.343750
vt 0.000000 0.312500
vt 0.031250 0.781250
vt 0.015625 0.781250
vt 0.015625 0.750000
vt 0.031250 0.812500
vt 0.015625 0.812500
vt 0.000000 0.812500
vt 0.000000 0.781250
vt 0.000000 0.750000
vt 0.031250 0.250000
vt 0.031250 0.281250
vt 0.015625 0.281250
vt 0.015625 0.250000
vt 0.000000 0.281250
vt 0.000000 0.250000
vt 0.031250 0.687500
vt 0.015625 0.718750
vt 0.015625 0.687500
vt 0.000000 0.718750
vt 0.000000 0.687500
vt 0.031250 0.187500
vt 0.015625 0.218750
vt 0.015625 0.187500
vt 0.000000 0.218750
vt 0.000000 0.187500
vt 0.031250 0.625000
vt 0.031250 0.656250
vt 0.015625 0.656250
vt 0.015625 0.625000
vt 0.000000 0.656250
vt 0.000000 0.625000
vt 0.031250 0.156250
vt 0.015625 0.156250
vt 0.015625 0.125000
vt 0.000000 0.156250
vt 0.000000 0.125000
vt 0.031250 0.562500
vt 0.031250 0.593750
vt 0.015625 0.593750
vt 0.015625 0.562500
vt 0.000000 0.593750
vt 0.000000 0.562500
vt 0.015625 0.094039
vt 0.015625 0.064815
vt 0.000000 0.093750
vt 0.000000 0.062500
vt 0.031250 0.500000
vt 0.031250 0.531250
vt 0.015625 0.531250
vt 0.015625 0.500000
vt 0.000000 0.531250
vt 0.000000 0.500000
vt 0.023438 0.968750
vt 0.015625 0.957899
vt 0.015625 0.935185
vt 0.015625 1.000000
vt 0.007813 0.968750
vt 0.023438 0.968750
vt 0.000000 0.937500
vt 0.015625 0.935185
vt 0.015625 0.000000
vt 0.023438 0.031250
vt 0.015625 0.042101
vt 0.007813 0.031250
vt 0.023438 0.031250
vt 0.031250 0.437500
vt 0.015625 0.468750
vt 0.015625 0.437500
vt 0.000000 0.468750
vt 0.000000 0.437500
vt 0.015625 0.905961
vt 0.015625 0.875000
vt 0.000000 0.906250
vt 0.000000 0.875000
vt 0.031250 0.406250
vt 0.015625 0.406250
vt 0.000000 0.406250
vt 0.031250 0.843750
vt 0.015625 0.843750
vt 0.000000 0.843750
vt 1.000000 0.062500
vt 1.000000 0.093750
vt 0.984375 0.094039
vt 0.984375 0.064815
vt 1.000000 0.125000
vt 0.984375 0.125000
vt 0.968750 0.125000
vt 0.968750 0.093895
vt 0.968750 0.062500
vt 1.000000 0.500000
vt 1.000000 0.531250
vt 0.984375 0.531250
vt 0.984375 0.500000
vt 1.000000 0.562500
vt 0.984375 0.562500
vt 0.968750 0.562500
vt 0.968750 0.531250
vt 0.968750 0.500000
vt 1.000000 0.937500
vt 0.992188 0.968750
vt 0.984375 0.957899
vt 0.984375 0.935185
vt 0.984375 1.000000
vt 0.976563 0.968750
vt 0.968750 0.937500
vt 0.984375 0.935185
vt 0.984375 0.000000
vt 0.992188 0.031250
vt 0.984375 0.042101
vt 0.976563 0.031250
vt 0.984375 0.064815
vt 1.000000 0.437500
vt 1.000000 0.468750
vt 0.984375 0.468750
vt 0.984375 0.437500
vt 0.968750 0.468750
vt 0.968750 0.437500
vt 1.000000 0.875000
vt 1.000000 0.906250
vt 0.984375 0.905961
vt 0.984375 0.875000
vt 0.968750 0.906105
vt 0.968750 0.875000
vt 1.000000 0.375000
vt 1.000000 0.406250
vt 0.984375 0.406250
vt 0.984375 0.375000
vt 0.968750 0.406250
vt 0.968750 0.375000
vt 1.000000 0.812500
vt 1.000000 0.843750
vt 0.984375 0.843750
vt 0.984375 0.812500
vt 0.968750 0.843750
vt 0.968750 0.812500
vt 1.000000 0.312500
vt 1.000000 0.343750
vt 0.984375 0.343750
vt 0.984375 0.312500
vt 0.968750 0.343750
vt 0.968750 0.312500
vt 1.000000 0.750000
vt 1.000000 0.781250
vt 0.984375 0.781250
vt 0.984375 0.750000
vt 0.968750 0.781250
vt 0.968750 0.750000
vt 1.000000 0.250000
vt 1.000000 0.281250
vt 0.984375 0.281250
vt 0.984375 0.250000
vt 0.968750 0.281250
vt 0.968750 0.250000
vt 1.000000 0.687500
vt 1.000000 0.718750
vt 0.984375 0.718750
vt 0.984375 0.687500
vt 0.968750 0.718750
vt 0.968750 0.687500
vt 1.000000 0.187500
vt 1.000000 0.218750
vt 0.984375 0.218750
vt 0.984375 0.187500
vt 0.968750 0.218750
vt 0.968750 0.187500
vt 1.000000 0.625000
vt 1.000000 0.656250
vt 0.984375 0.656250
vt 0.984375 0.625000
vt 0.968750 0.656250
vt 0.968750 0.625000
vt 1.000000 0.156250
vt 0.984375 0.156250
vt 0.968750 0.156250
vt 1.000000 0.593750
vt 0.984375 0.593750
vt 0.968750 0.593750
vt 0.968750 0.250000
vt 0.968750 0.281250
vt 0.953125 0.281250
vt 0.953125 0.250000
vt 0.968750 0.312500
vt 0.953125 0.312500
vt 0.937500 0.312500
vt 0.937500 0.281250
vt 0.937500 0.250000
vt 0.968750 0.687500
vt 0.968750 0.718750
vt 0.953125 0.718750
vt 0.953125 0.687500
vt 0.968750 0.750000
vt 0.953125 0.750000
vt 0.937500 0.750000
vt 0.937500 0.718750
vt 0.937500 0.687500
vt 0.968750 0.187500
vt 0.968750 0.218750
vt 0.953125 0.218750
vt 0.953125 0.187500
vt 0.937500 0.218750
vt 0.937500 0.187500
vt 0.968750 0.625000
vt 0.968750 0.656250
vt 0.953125 0.656250
vt 0.953125 0.625000
vt 0.937500 0.656250
vt 0.937500 0.625000
vt 0.968750 0.125000
vt 0.968750 0.156250
vt 0.953125 0.156250
vt 0.953125 0.125000
vt 0.937500 0.156250
vt 0.937500 0.125000
vt 0.968750 0.562500
vt 0.968750 0.593750
vt 0.953125 0.593750
vt 0.953125 0.562500
vt 0.937500 0.593750
vt 0.937500 0.562500
vt 0.953125 0.094039
vt 0.953125 0.064815
vt 0.953125 0.125000
vt 0.937500 0.093895
vt 0.937500 0.062500
vt 0.968750 0.500000
vt 0.968750 0.531250
vt 0.953125 0.531250
vt 0.953125 0.500000
vt 0.937500 0.531250
vt 0.937500 0.500000
vt 0.960938 0.968750
vt 0.953125 0.957899
vt 0.953125 0.935185
vt 0.953125 1.000000
vt 0.945313 0.968750
vt 0.937500 0.937500
vt 0.953125 0.935185
vt 0.953125 0.000000
vt 0.960938 0.031250
vt 0.953125 0.042101
vt 0.945313 0.031250
vt 0.953125 0.064815
vt 0.968750 0.437500
vt 0.968750 0.468750
vt 0.953125 0.468750
vt 0.953125 0.437500
vt 0.937500 0.468750
vt 0.937500 0.437500
vt 0.953125 0.905961
vt 0.953125 0.875000
vt 0.937500 0.906105
vt 0.937500 0.875000
vt 0.968750 0.375000
vt 0.968750 0.406250
vt 0.953125 0.406250
vt 0.953125 0.375000
vt 0.937500 0.406250
vt 0.937500 0.375000
vt 0.968750 0.812500
vt 0.968750 0.843750
vt 0.953125 0.843750
vt 0.953125 0.812500
vt 0.968750 0.875000
vt 0.953125 0.875000
vt 0.937500 0.843750
vt 0.937500 0.812500
vt 0.968750 0.343750
vt 0.953125 0.343750
vt 0.937500 0.343750
vt 0.968750 0.781250
vt 0.953125 0.781250
vt 0.937500 0.781250
vt 0.929688 0.968750
vt 0.921875 0.957899
vt 0.921875 0.935185
vt 0.921875 1.000000
vt 0.914063 0.968750
vt 0.906250 0.937500
vt 0.921875 0.935185
vt 0.921875 0.000000
vt 0.929688 0.031250
vt 0.921875 0.042101
vt 0.914063 0.031250
vt 0.921875 0.064815
vt 0.906250 0.062500
vt 0.921875 0.468750
vt 0.921875 0.437500
vt 0.921875 0.500000
vt 0.906250 0.500000
vt 0.906250 0.468750
vt 0.906250 0.437500
vt 0.921875 0.905961
vt 0.921875 0.875000
vt 0.906250 0.906105
vt 0.906250 0.875000
vt 0.921875 0.406250
vt 0.921875 0.375000
vt 0.906250 0.406250
vt 0.906250 0.375000
vt 0.921875 0.843750
vt 0.921875 0.812500
vt 0.921875 0.875000
vt 0.906250 0.875000
vt 0.906250 0.843750
vt 0.906250 0.812500
vt 0.921875 0.343750
vt 0.921875 0.312500
vt 0.906250 0.343750
vt 0.906250 0.312500
vt 0.921875 0.781250
vt 0.921875 0.750000
vt 0.906250 0.781250
vt 0.906250 0.750000
vt 0.921875 0.281250
vt 0.921875 0.250000
vt 0.906250 0.281250
vt 0.906250 0.250000
vt 0.921875 0.718750
vt 0.921875 0.687500
vt 0.906250 0.718750
vt 0.906250 0.687500
vt 0.921875 0.218750
vt 0.921875 0.187500
vt 0.906250 0.218750
vt 0.906250 0.187500
vt 0.921875 0.656250
vt 0.921875 0.625000
vt 0.906250 0.656250
vt 0.906250 0.625000
vt 0.921875 0.156250
vt 0.921875 0.125000
vt 0.906250 0.156250
vt 0.906250 0.125000
vt 0.921875 0.593750
vt 0.921875 0.562500
vt 0.906250 0.593750
vt 0.906250 0.562500
vt 0.921875 0.094039
vt 0.921875 0.064815
vt 0.921875 0.125000
vt 0.906250 0.125000
vt 0.906250 0.093895
vt 0.921875 0.531250
vt 0.906250 0.531250
vt 0.890625 0.718750
vt 0.890625 0.687500
vt 0.890625 0.750000
vt 0.875000 0.750000
vt 0.875000 0.718750
vt 0.875000 0.687500
vt 0.890625 0.218750
vt 0.890625 0.187500
vt 0.890625 0.250000
vt 0.875000 0.250000
vt 0.875000 0.218750
vt 0.875000 0.187500
vt 0.890625 0.656250
vt 0.890625 0.625000
vt 0.875000 0.656250
vt 0.875000 0.625000
vt 0.890625 0.156250
vt 0.890625 0.125000
vt 0.875000 0.156250
vt 0.875000 0.125000
vt 0.890625 0.593750
vt 0.890625 0.562500
vt 0.875000 0.593750
vt 0.875000 0.562500
vt 0.890625 0.094039
vt 0.890625 0.064815
vt 0.890625 0.125000
vt 0.875000 0.093895
vt 0.875000 0.062500
vt 0.890625 0.531250
vt 0.890625 0.500000
vt 0.875000 0.531250
vt 0.875000 0.500000
vt 0.898438 0.968750
vt 0.890625 0.957899
vt 0.890625 0.935185
vt 0.890625 1.000000
vt 0.882813 0.968750
vt 0.875000 0.937500
vt 0.890625 0.935185
vt 0.890625 0.000000
vt 0.898438 0.031250
vt 0.890625 0.042101
vt 0.882813 0.031250
vt 0.890625 0.468750
vt 0.890625 0.437500
vt 0.875000 0.468750
vt 0.875000 0.437500
vt 0.890625 0.905961
vt 0.890625 0.875000
vt 0.875000 0.906105
vt 0.875000 0.875000
vt 0.890625 0.406250
vt 0.890625 0.375000
vt 0.875000 0.406250
vt 0.875000 0.375000
vt 0.890625 0.843750
vt 0.890625 0.812500
vt 0.890625 0.875000
vt 0.875000 0.875000
vt 0.875000 0.843750
vt 0.875000 0.812500
vt 0.890625 0.343750
vt 0.890625 0.312500
vt 0.875000 0.343750
vt 0.875000 0.312500
vt 0.890625 0.781250
vt 0.875000 0.781250
vt 0.890625 0.281250
vt 0.875000 0.281250
vt 0.859375 0.468750
vt 0.859375 0.437500
vt 0.859375 0.500000
vt 0.843750 0.500000
vt 0.843750 0.468750
vt 0.843750 0.437500
vt 0.859375 0.905961
vt 0.859375 0.875000
vt 0.859375 0.935185
vt 0.843750 0.937500
vt 0.843750 0.906105
vt 0.843750 0.875000
vt 0.859375 0.406250
vt 0.859375 0.375000
vt 0.843750 0.406250
vt 0.843750 0.375000
vt 0.859375 0.843750
vt 0.859375 0.812500
vt 0.859375 0.875000
vt 0.843750 0.875000
vt 0.843750 0.843750
vt 0.843750 0.812500
vt 0.859375 0.343750
vt 0.859375 0.312500
vt 0.843750 0.343750
vt 0.843750 0.312500
vt 0.859375 0.781250
vt 0.859375 0.750000
vt 0.843750 0.781250
vt 0.843750 0.750000
vt 0.859375 0.281250
vt 0.859375 0.250000
vt 0.843750 0.281250
vt 0.843750 0.250000
vt 0.859375 0.718750
vt 0.859375 0.687500
vt 0.843750 0.718750
vt 0.843750 0.687500
vt 0.859375 0.218750
vt 0.859375 0.187500
vt 0.843750 0.218750
vt 0.843750 0.187500
vt 0.859375 0.656250
vt 0.859375 0.625000
vt 0.843750 0.656250
vt 0.843750 0.625000
vt 0.859375 0.156250
vt 0.859375 0.125000
vt 0.843750 0.156250
vt 0.843750 0.125000
vt 0.859375 0.593750
vt 0.859375 0.562500
vt 0.843750 0.593750
vt 0.843750 0.562500
vt 0.859375 0.094039
vt 0.859375 0.064815
vt 0.859375 0.125000
vt 0.843750 0.125000
vt 0.843750 0.093895
vt 0.843750 0.062500
vt 0.859375 0.531250
vt 0.843750 0.531250
vt 0.867188 0.968750
vt 0.859375 0.957899
vt 0.859375 1.000000
vt 0.851563 0.968750
vt 0.867188 0.968750
vt 0.859375 0.935185
vt 0.859375 0.000000
vt 0.867188 0.031250
vt 0.859375 0.042101
vt 0.851563 0.031250
vt 0.859375 0.064815
vt 0.867188 0.031250
vt 0.859375 0.064815
vt 0.828125 0.218750
vt 0.828125 0.187500
vt 0.828125 0.250000
vt 0.812500 0.250000
vt 0.812500 0.218750
vt 0.812500 0.187500
vt 0.828125 0.656250
vt 0.828125 0.625000
vt 0.828125 0.687500
vt 0.812500 0.687500
vt 0.812500 0.656250
vt 0.812500 0.625000
vt 0.828125 0.156250
vt 0.828125 0.125000
vt 0.812500 0.156250
vt 0.812500 0.125000
vt 0.828125 0.593750
vt 0.828125 0.562500
vt 0.812500 0.593750
vt 0.812500 0.562500
vt 0.828125 0.094039
vt 0.828125 0.064815
vt 0.812500 0.125000
vt 0.812500 0.093895
vt 0.812500 0.062500
vt 0.828125 0.531250
vt 0.828125 0.500000
vt 0.812500 0.531250
vt 0.812500 0.500000
vt 0.835938 0.968750
vt 0.828125 0.957899
vt 0.828125 0.935185
vt 0.828125 1.000000
vt 0.820313 0.968750
vt 0.812500 0.937500
vt 0.828125 0.935185
vt 0.820313 0.968750
vt 0.828125 0.000000
vt 0.835938 0.031250
vt 0.828125 0.042101
vt 0.820313 0.031250
vt 0.828125 0.064815
vt 0.820313 0.031250
vt 0.828125 0.064815
vt 0.828125 0.468750
vt 0.828125 0.437500
vt 0.812500 0.468750
vt 0.812500 0.437500
vt 0.828125 0.905961
vt 0.828125 0.875000
vt 0.812500 0.906105
vt 0.812500 0.875000
vt 0.828125 0.406250
vt 0.828125 0.375000
vt 0.812500 0.406250
vt 0.812500 0.375000
vt 0.828125 0.843750
vt 0.828125 0.812500
vt 0.828125 0.875000
vt 0.812500 0.843750
vt 0.812500 0.812500
vt 0.828125 0.343750
vt 0.828125 0.312500
vt 0.812500 0.343750
vt 0.812500 0.312500
vt 0.828125 0.781250
vt 0.828125 0.750000
vt 0.812500 0.781250
vt 0.812500 0.750000
vt 0.828125 0.281250
vt 0.812500 0.281250
vt 0.828125 0.718750
vt 0.812500 0.718750
vt 0.796875 0.905961
vt 0.796875 0.875000
vt 0.796875 0.935185
vt 0.781250 0.937500
vt 0.781250 0.906105
vt 0.781250 0.875000
vt 0.796875 0.406250
vt 0.796875 0.375000
vt 0.796875 0.437500
vt 0.781250 0.437500
vt 0.781250 0.406250
vt 0.781250 0.375000
vt 0.796875 0.843750
vt 0.796875 0.812500
vt 0.796875 0.875000
vt 0.781250 0.875000
vt 0.781250 0.843750
vt 0.781250 0.812500
vt 0.796875 0.343750
vt 0.796875 0.312500
vt 0.781250 0.343750
vt 0.781250 0.312500
vt 0.796875 0.781250
vt 0.796875 0.750000
vt 0.781250 0.781250
vt 0.781250 0.750000
vt 0.796875 0.281250
vt 0.796875 0.250000
vt 0.781250 0.281250
vt 0.781250 0.250000
vt 0.796875 0.718750
vt 0.796875 0.687500
vt 0.781250 0.718750
vt 0.781250 0.687500
vt 0.796875 0.218750
vt 0.796875 0.187500
vt 0.781250 0.218750
vt 0.781250 0.187500
vt 0.796875 0.656250
vt 0.796875 0.625000
vt 0.781250 0.656250
vt 0.781250 0.625000
vt 0.796875 0.156250
vt 0.796875 0.125000
vt 0.781250 0.156250
vt 0.781250 0.125000
vt 0.796875 0.593750
vt 0.796875 0.562500
vt 0.781250 0.593750
vt 0.781250 0.562500
vt 0.796875 0.094039
vt 0.796875 0.064815
vt 0.796875 0.125000
vt 0.781250 0.125000
vt 0.781250 0.093895
vt 0.781250 0.062500
vt 0.796875 0.531250
vt 0.796875 0.500000
vt 0.781250 0.531250
vt 0.781250 0.500000
vt 0.804688 0.968750
vt 0.796875 0.957899
vt 0.796875 1.000000
vt 0.789063 0.968750
vt 0.796875 0.935185
vt 0.796875 0.000000
vt 0.804688 0.031250
vt 0.796875 0.042101
vt 0.789063 0.031250
vt 0.796875 0.064815
vt 0.804688 0.031250
vt 0.789063 0.031250
vt 0.796875 0.064815
vt 0.796875 0.468750
vt 0.781250 0.468750
vt 0.765625 0.656250
vt 0.765625 0.625000
vt 0.765625 0.687500
vt 0.765625 0.156250
vt 0.765625 0.125000
vt 0.765625 0.187500
vt 0.765625 0.593750
vt 0.765625 0.562500
vt 0.765625 0.094039
vt 0.765625 0.064815
vt 0.765625 0.125000
vt 0.765625 0.531250
vt 0.765625 0.500000
vt 0.773438 0.968750
vt 0.765625 0.957899
vt 0.765625 0.935185
vt 0.765625 1.000000
vt 0.757813 0.968750
vt 0.773438 0.968750
vt 0.765625 0.935185
vt 0.765625 0.000000
vt 0.773438 0.031250
vt 0.765625 0.042101
vt 0.757813 0.031250
vt 0.765625 0.064815
vt 0.773438 0.031250
vt 0.757813 0.031250
vt 0.765625 0.064815
vt 0.765625 0.468750
vt 0.765625 0.437500
vt 0.765625 0.905961
vt 0.765625 0.875000
vt 0.765625 0.406250
vt 0.765625 0.375000
vt 0.765625 0.843750
vt 0.765625 0.812500
vt 0.765625 0.875000
vt 0.765625 0.343750
vt 0.765625 0.312500
vt 0.765625 0.781250
vt 0.765625 0.750000
vt 0.765625 0.281250
vt 0.765625 0.250000
vt 0.765625 0.718750
vt 0.765625 0.218750
s 0
usemtl Material
f 480/1/1 1376/2/1 1475/3/1 1400/4/1
f 1376/2/2 479/5/2 1401/6/2 1475/3/2
f 1475/3/3 1401/6/3 20/7/3 496/8/3
f 1400/4/4 1475/3/4 496/8/4 21/9/4
f 477/10/5 1392/11/5 1476/12/5 1402/13/5
f 1392/11/6 3/14/6 499/15/6 1476/12/6
f 1476/12/7 499/15/7 13/16/7 489/17/7
f 1402/13/8 1476/12/8 489/17/8 14/18/8
f 481/19/9 1377/20/9 1477/21/9 1403/22/9
f 1377/20/10 480/1/10 1400/4/10 1477/21/10
f 1477/21/11 1400/4/11 21/9/11 497/23/11
f 1403/22/12 1477/21/12 497/23/12 22/24/12
f 4/25/13 1393/26/13 1478/27/13 500/28/13
f 1393/26/14 477/10/14 1402/13/14 1478/27/14
f 1478/27/15 1402/13/15 14/18/15 490/29/15
f 500/28/16 1478/27/16 490/29/16 15/30/16
f 482/31/17 1378/32/17 1479/33/17 1404/34/17
f 1378/32/18 481/35/18 1403/36/18 1479/33/18
f 1479/33/19 1403/36/19 22/37/19 498/38/19
f 1404/34/20 1479/33/20 498/38/20 23/39/20
f 5/40/21 483/41/21 1480/42/21 501/43/21
f 483/41/22 4/25/22 500/28/22 1480/42/22
f 1480/42/23 500/28/23 15/30/23 491/44/23
f 501/43/24 1480/42/24 491/44/24 16/45/24
f 474/46/25 1388/47/25 1481/48/25 1405/49/25
f 1/50/26 1398/51/26 1481/48/26 1388/52/26
f 9/53/27 1405/54/27 1481/48/27 1398/51/27
f 8/55/28 1397/56/28 1482/57/28 1399/58/28
f 482/31/29 1404/59/29 1482/57/29 1397/60/29
f 23/39/30 1399/58/30 1482/57/30 1404/61/30
f 6/62/31 484/63/31 1483/64/31 502/65/31
f 484/63/32 5/40/32 501/43/32 1483/64/32
f 1483/64/33 501/43/33 16/45/33 492/66/33
f 502/65/34 1483/64/34 492/66/34 17/67/34
f 475/68/35 1375/69/35 1484/70/35 1406/71/35
f 1375/69/36 474/46/36 1405/49/36 1484/70/36
f 1484/70/37 1405/49/37 9/53/37 485/72/37
f 1406/71/38 1484/70/38 485/72/38 10/73/38
f 478/74/39 1394/75/39 1485/76/39 1407/77/39
f 1394/75/40 6/62/40 502/65/40 1485/76/40
f 1485/76/41 502/65/41 17/67/41 493/78/41
f 1407/77/42 1485/76/42 493/78/42 18/79/42
f 2/80/43 1389/81/43 1486/82/43 503/83/43
f 1389/81/44 475/84/44 1406/71/44 1486/82/44
f 1486/82/45 1406/71/45 10/85/45 486/86/45
f 503/83/46 1486/82/46 486/86/46 11/87/46
f 7/88/47 1395/89/47 1487/90/47 504/91/47
f 1395/89/48 478/74/48 1407/77/48 1487/90/48
f 1487/90/49 1407/77/49 18/79/49 494/92/49
f 504/91/50 1487/90/50 494/92/50 19/93/50
f 476/94/51 1390/95/51 1488/96/51 1408/97/51
f 1390/95/52 2/80/52 503/83/52 1488/96/52
f 1488/96/53 503/83/53 11/87/53 487/98/53
f 1408/97/54 1488/96/54 487/98/54 12/99/54
f 479/5/55 1396/100/55 1489/101/55 1401/6/55
f 1396/100/56 7/88/56 504/91/56 1489/101/56
f 1489/101/57 504/91/57 19/93/57 495/102/57
f 1401/6/58 1489/101/58 495/102/58 20/7/58
f 3/14/59 1391/103/59 1490/104/59 499/15/59
f 1391/103/60 476/94/60 1408/97/60 1490/104/60
f 1490/104/61 1408/97/61 12/99/61 488/105/61
f 499/15/62 1490/104/62 488/105/62 13/16/62
f 20/7/63 495/102/63 1491/106/63 519/107/63
f 495/102/64 19/93/64 520/108/64 1491/106/64
f 1491/106/65 520/108/65 34/109/65 515/110/65
f 519/107/66 1491/106/66 515/110/66 35/111/66
f 13/16/67 488/105/67 1492/112/67 521/113/67
f 488/105/68 12/99/68 522/114/68 1492/112/68
f 1492/112/69 522/114/69 27/115/69 508/116/69
f 521/113/70 1492/112/70 508/116/70 28/117/70
f 21/9/71 496/8/71 1493/118/71 523/119/71
f 496/8/72 20/7/72 519/107/72 1493/118/72
f 1493/118/73 519/107/73 35/111/73 516/120/73
f 523/119/74 1493/118/74 516/120/74 36/121/74
f 14/18/75 489/17/75 1494/122/75 524/123/75
f 489/17/76 13/16/76 521/113/76 1494/122/76
f 1494/122/77 521/113/77 28/117/77 509/124/77
f 524/123/78 1494/122/78 509/124/78 29/125/78
f 22/24/79 497/23/79 1495/126/79 525/127/79
f 497/23/80 21/9/80 523/119/80 1495/126/80
f 1495/126/81 523/119/81 36/121/81 517/128/81
f 525/127/82 1495/126/82 517/128/82 37/129/82
f 15/30/83 490/29/83 1496/130/83 526/131/83
f 490/29/84 14/18/84 524/123/84 1496/130/84
f 1496/130/85 524/123/85 29/125/85 510/132/85
f 526/131/86 1496/130/86 510/132/86 30/133/86
f 23/39/87 498/38/87 1497/134/87 527/135/87
f 498/38/88 22/37/88 525/136/88 1497/134/88
f 1497/134/89 525/136/89 37/137/89 518/138/89
f 527/135/90 1497/134/90 518/138/90 38/139/90
f 16/45/91 491/44/91 1498/140/91 528/141/91
f 491/44/92 15/30/92 526/131/92 1498/140/92
f 1498/140/93 526/131/93 30/133/93 511/142/93
f 528/141/94 1498/140/94 511/142/94 31/143/94
f 9/53/95 1398/144/95 1499/145/95 529/146/95
f 1/147/96 1409/148/96 1499/145/96 1398/149/96
f 24/150/97 529/151/97 1499/145/97 1409/152/97
f 8/153/98 1399/154/98 1500/155/98 1410/156/98
f 23/39/99 527/135/99 1500/155/99 1399/157/99
f 38/139/100 1410/158/100 1500/155/100 527/135/100
f 17/67/101 492/66/101 1501/159/101 530/160/101
f 492/66/102 16/45/102 528/141/102 1501/159/102
f 1501/159/103 528/141/103 31/143/103 512/161/103
f 530/160/104 1501/159/104 512/161/104 32/162/104
f 10/73/105 485/72/105 1502/163/105 531/164/105
f 485/72/106 9/53/106 529/146/106 1502/163/106
f 1502/163/107 529/146/107 24/150/107 505/165/107
f 531/164/108 1502/163/108 505/165/108 25/166/108
f 18/79/109 493/78/109 1503/167/109 532/168/109
f 493/78/110 17/67/110 530/160/110 1503/167/110
f 1503/167/111 530/160/111 32/162/111 513/169/111
f 532/168/112 1503/167/112 513/169/112 33/170/112
f 11/87/113 486/86/113 1504/171/113 533/172/113
f 486/86/114 10/85/114 531/173/114 1504/171/114
f 1504/171/115 531/173/115 25/174/115 506/175/115
f 533/172/116 1504/171/116 506/175/116 26/176/116
f 19/93/117 494/92/117 1505/177/117 520/108/117
f 494/92/118 18/79/118 532/168/118 1505/177/118
f 1505/177/119 532/168/119 33/170/119 514/178/119
f 520/108/120 1505/177/120 514/178/120 34/109/120
f 12/99/121 487/98/121 1506/179/121 522/114/121
f 487/98/122 11/87/122 533/172/122 1506/179/122
f 1506/179/123 533/172/123 26/176/123 507/180/123
f 522/114/124 1506/179/124 507/180/124 27/115/124
f 24/150/125 1409/181/125 1507/182/125 548/183/125
f 1/184/126 1411/185/126 1507/182/126 1409/186/126
f 39/187/127 548/188/127 1507/182/127 1411/185/127
f 8/189/128 1410/190/128 1508/191/128 1412/192/128
f 38/139/129 549/193/129 1508/191/129 1410/194/129
f 53/195/130 1412/192/130 1508/191/130 549/196/130
f 32/162/131 512/161/131 1509/197/131 550/198/131
f 512/161/132 31/143/132 551/199/132 1509/197/132
f 1509/197/133 551/199/133 46/200/133 541/201/133
f 550/198/134 1509/197/134 541/201/134 47/202/134
f 25/166/135 505/165/135 1510/203/135 552/204/135
f 505/165/136 24/150/136 548/183/136 1510/203/136
f 1510/203/137 548/183/137 39/187/137 534/205/137
f 552/204/138 1510/203/138 534/205/138 40/206/138
f 33/170/139 513/169/139 1511/207/139 553/208/139
f 513/169/140 32/162/140 550/198/140 1511/207/140
f 1511/207/141 550/198/141 47/202/141 542/209/141
f 553/208/142 1511/207/142 542/209/142 48/210/142
f 26/176/143 506/175/143 1512/211/143 554/212/143
f 506/175/144 25/174/144 552/213/144 1512/211/144
f 1512/211/145 552/213/145 40/206/145 535/214/145
f 554/212/146 1512/211/146 535/214/146 41/215/146
f 34/109/147 514/178/147 1513/216/147 555/217/147
f 514/178/148 33/170/148 553/208/148 1513/216/148
f 1513/216/149 553/208/149 48/210/149 543/218/149
f 555/217/150 1513/216/150 543/218/150 49/219/150
f 27/115/151 507/180/151 1514/220/151 556/221/151
f 507/180/152 26/176/152 554/212/152 1514/220/152
f 1514/220/153 554/212/153 41/215/153 536/222/153
f 556/221/154 1514/220/154 536/222/154 42/223/154
f 35/111/155 515/110/155 1515/224/155 557/225/155
f 515/110/156 34/109/156 555/217/156 1515/224/156
f 1515/224/157 555/217/157 49/219/157 544/226/157
f 557/225/158 1515/224/158 544/226/158 50/227/158
f 28/117/159 508/116/159 1516/228/159 558/229/159
f 508/116/160 27/115/160 556/221/160 1516/228/160
f 1516/228/161 556/221/161 42/223/161 537/230/161
f 558/229/162 1516/228/162 537/230/162 43/231/162
f 36/121/163 516/120/163 1517/232/163 559/233/163
f 516/120/164 35/111/164 557/225/164 1517/232/164
f 1517/232/165 557/225/165 50/227/165 545/234/165
f 559/233/166 1517/232/166 545/234/166 51/235/166
f 29/125/167 509/124/167 1518/236/167 560/237/167
f 509/124/168 28/117/168 558/229/168 1518/236/168
f 1518/236/169 558/229/169 43/231/169 538/238/169
f 560/237/170 1518/236/170 538/238/170 44/239/170
f 37/129/171 517/128/171 1519/240/171 561/241/171
f 517/128/172 36/121/172 559/233/172 1519/240/172
f 1519/240/173 559/233/173 51/235/173 546/242/173
f 561/241/174 1519/240/174 546/242/174 52/243/174
f 30/133/175 510/132/175 1520/244/175 562/245/175
f 510/132/176 29/125/176 560/237/176 1520/244/176
f 1520/244/177 560/237/177 44/239/177 539/246/177
f 562/245/178 1520/244/178 539/246/178 45/247/178
f 38/139/179 518/138/179 1521/248/179 549/249/179
f 518/138/180 37/137/180 561/241/180 1521/248/180
f 1521/248/181 561/241/181 52/243/181 547/250/181
f 549/249/182 1521/248/182 547/250/182 53/195/182
f 31/143/183 511/142/183 1522/251/183 551/199/183
f 511/142/184 30/133/184 562/245/184 1522/251/184
f 1522/251/185 562/245/185 45/247/185 540/252/185
f 551/199/186 1522/251/186 540/252/186 46/200/186
f 43/231/187 537/230/187 1523/253/187 577/254/187
f 537/230/188 42/223/188 578/255/188 1523/253/188
f 1523/253/189 578/255/189 57/256/189 566/257/189
f 577/254/190 1523/253/190 566/257/190 58/258/190
f 51/235/191 545/234/191 1524/259/191 579/260/191
f 545/234/192 50/227/192 580/261/192 1524/259/192
f 1524/259/193 580/261/193 65/262/193 574/263/193
f 579/260/194 1524/259/194 574/263/194 66/264/194
f 44/239/195 538/238/195 1525/265/195 581/266/195
f 538/238/196 43/231/196 577/254/196 1525/265/196
f 1525/265/197 577/254/197 58/258/197 567/267/197
f 581/266/198 1525/265/198 567/267/198 59/268/198
f 52/243/199 546/242/199 1526/269/199 582/270/199
f 546/242/200 51/235/200 579/260/200 1526/269/200
f 1526/269/201 579/260/201 66/264/201 575/271/201
f 582/270/202 1526/269/202 575/271/202 67/272/202
f 45/247/203 539/246/203 1527/273/203 583/274/203
f 539/246/204 44/239/204 581/266/204 1527/273/204
f 1527/273/205 581/266/205 59/268/205 568/275/205
f 583/274/206 1527/273/206 568/275/206 60/276/206
f 53/195/207 547/250/207 1528/277/207 584/278/207
f 547/250/208 52/243/208 582/279/208 1528/277/208
f 1528/277/209 582/279/209 67/280/209 576/281/209
f 584/278/210 1528/277/210 576/281/210 68/282/210
f 46/200/211 540/252/211 1529/283/211 585/284/211
f 540/252/212 45/247/212 583/274/212 1529/283/212
f 1529/283/213 583/274/213 60/276/213 569/285/213
f 585/284/214 1529/283/214 569/285/214 61/286/214
f 39/187/215 1411/287/215 1530/288/215 586/289/215
f 1/290/216 1413/291/216 1530/288/216 1411/292/216
f 54/293/217 586/294/217 1530/288/217 1413/295/217
f 8/296/218 1412/297/218 1531/298/218 1414/299/218
f 53/195/219 584/300/219 1531/298/219 1412/301/219
f 68/282/220 1414/302/220 1531/298/220 584/303/220
f 47/202/221 541/201/221 1532/304/221 587/305/221
f 541/201/222 46/200/222 585/284/222 1532/304/222
f 1532/304/223 585/284/223 61/286/223 570/306/223
f 587/305/224 1532/304/224 570/306/224 62/307/224
f 40/206/225 534/205/225 1533/308/225 588/309/225
f 534/205/226 39/187/226 586/289/226 1533/308/226
f 1533/308/227 586/289/227 54/293/227 563/310/227
f 588/309/228 1533/308/228 563/310/228 55/311/228
f 48/210/229 542/209/229 1534/312/229 589/313/229
f 542/209/230 47/202/230 587/305/230 1534/312/230
f 1534/312/231 587/305/231 62/307/231 571/314/231
f 589/313/232 1534/312/232 571/314/232 63/315/232
f 41/215/233 535/214/233 1535/316/233 590/317/233
f 535/214/234 40/206/234 588/318/234 1535/316/234
f 1535/316/235 588/318/235 55/319/235 564/320/235
f 590/317/236 1535/316/236 564/320/236 56/321/236
f 49/219/237 543/218/237 1536/322/237 591/323/237
f 543/218/238 48/210/238 589/313/238 1536/322/238
f 1536/322/239 589/313/239 63/315/239 572/324/239
f 591/323/240 1536/322/240 572/324/240 64/325/240
f 42/223/241 536/222/241 1537/326/241 578/255/241
f 536/222/242 41/215/242 590/317/242 1537/326/242
f 1537/326/243 590/317/243 56/321/243 565/327/243
f 578/255/244 1537/326/244 565/327/244 57/256/244
f 50/227/245 544/226/245 1538/328/245 580/261/245
f 544/226/246 49/219/246 591/323/246 1538/328/246
f 1538/328/247 591/323/247 64/325/247 573/329/247
f 580/261/248 1538/328/248 573/329/248 65/262/248
f 62/307/249 570/306/249 1539/330/249 606/331/249
f 570/306/250 61/286/250 607/332/250 1539/330/250
f 1539/330/251 607/332/251 76/333/251 599/334/251
f 606/331/252 1539/330/252 599/334/252 77/335/252
f 55/311/253 563/310/253 1540/336/253 608/337/253
f 563/310/254 54/293/254 609/338/254 1540/336/254
f 1540/336/255 609/338/255 69/339/255 592/340/255
f 608/337/256 1540/336/256 592/340/256 70/341/256
f 63/315/257 571/314/257 1541/342/257 610/343/257
f 571/314/258 62/307/258 606/331/258 1541/342/258
f 1541/342/259 606/331/259 77/335/259 600/344/259
f 610/343/260 1541/342/260 600/344/260 78/345/260
f 56/321/261 564/320/261 1542/346/261 611/347/261
f 564/320/262 55/319/262 608/348/262 1542/346/262
f 1542/346/263 608/348/263 70/349/263 593/350/263
f 611/347/264 1542/346/264 593/350/264 71/351/264
f 64/325/265 572/324/265 1543/352/265 612/353/265
f 572/324/266 63/315/266 610/343/266 1543/352/266
f 1543/352/267 610/343/267 78/345/267 601/354/267
f 612/353/268 1543/352/268 601/354/268 79/355/268
f 57/256/269 565/327/269 1544/356/269 613/357/269
f 565/327/270 56/321/270 611/347/270 1544/356/270
f 1544/356/271 611/347/271 71/351/271 594/358/271
f 613/357/272 1544/356/272 594/358/272 72/359/272
f 65/262/273 573/329/273 1545/360/273 614/361/273
f 573/329/274 64/325/274 612/353/274 1545/360/274
f 1545/360/275 612/353/275 79/355/275 602/362/275
f 614/361/276 1545/360/276 602/362/276 80/363/276
f 58/258/277 566/257/277 1546/364/277 615/365/277
f 566/257/278 57/256/278 613/357/278 1546/364/278
f 1546/364/279 613/357/279 72/359/279 595/366/279
f 615/365/280 1546/364/280 595/366/280 73/367/280
f 66/264/281 574/263/281 1547/368/281 616/369/281
f 574/263/282 65/262/282 614/361/282 1547/368/282
f 1547/368/283 614/361/283 80/363/283 603/370/283
f 616/369/284 1547/368/284 603/370/284 81/371/284
f 59/268/285 567/267/285 1548/372/285 617/373/285
f 567/267/286 58/258/286 615/365/286 1548/372/286
f 1548/372/287 615/365/287 73/367/287 596/374/287
f 617/373/288 1548/372/288 596/374/288 74/375/288
f 67/272/289 575/271/289 1549/376/289 618/377/289
f 575/271/290 66/264/290 616/369/290 1549/376/290
f 1549/376/291 616/369/291 81/371/291 604/378/291
f 618/377/292 1549/376/292 604/378/292 82/379/292
f 60/276/293 568/275/293 1550/380/293 619/381/293
f 568/275/294 59/268/294 617/373/294 1550/380/294
f 1550/380/295 617/373/295 74/375/295 597/382/295
f 619/381/296 1550/380/296 597/382/296 75/383/296
f 68/282/297 576/281/297 1551/384/297 620/385/297
f 576/281/298 67/280/298 618/377/298 1551/384/298
f 1551/384/299 618/377/299 82/386/299 605/387/299
f 620/385/300 1551/384/300 605/387/300 83/388/300
f 61/286/301 569/285/301 1552/389/301 607/332/301
f 569/285/302 60/276/302 619/381/302 1552/389/302
f 1552/389/303 619/381/303 75/383/303 598/390/303
f 607/332/304 1552/389/304 598/390/304 76/333/304
f 54/293/305 1413/391/305 1553/392/305 609/338/305
f 1/393/306 1415/394/306 1553/392/306 1413/391/306
f 69/339/307 609/395/307 1553/392/307 1415/396/307
f 8/397/308 1414/398/308 1554/399/308 1416/400/308
f 68/282/309 620/401/309 1554/399/309 1414/398/309
f 83/388/310 1416/402/310 1554/399/310 620/385/310
f 81/371/311 603/370/311 1555/403/311 635/404/311
f 603/370/312 80/363/312 636/405/312 1555/403/312
f 1555/403/313 636/405/313 95/406/313 632/407/313
f 635/404/314 1555/403/314 632/407/314 96/408/314
f 74/375/315 596/374/315 1556/409/315 637/410/315
f 596/374/316 73/367/316 638/411/316 1556/409/316
f 1556/409/317 638/411/317 88/412/317 625/413/317
f 637/410/318 1556/409/318 625/413/318 89/414/318
f 82/379/319 604/378/319 1557/415/319 639/416/319
f 604/378/320 81/371/320 635/404/320 1557/415/320
f 1557/415/321 635/404/321 96/408/321 633/417/321
f 639/416/322 1557/415/322 633/417/322 97/418/322
f 75/383/323 597/382/323 1558/419/323 640/420/323
f 597/382/324 74/375/324 637/410/324 1558/419/324
f 1558/419/325 637/410/325 89/414/325 626/421/325
f 640/420/326 1558/419/326 626/421/326 90/422/326
f 83/388/327 605/387/327 1559/423/327 641/424/327
f 605/387/328 82/386/328 639/425/328 1559/423/328
f 1559/423/329 639/425/329 97/426/329 634/427/329
f 641/424/330 1559/423/330 634/427/330 98/428/330
f 76/333/331 598/390/331 1560/429/331 642/430/331
f 598/390/332 75/383/332 640/420/332 1560/429/332
f 1560/429/333 640/420/333 90/422/333 627/431/333
f 642/430/334 1560/429/334 627/431/334 91/432/334
f 69/339/335 1415/433/335 1561/434/335 643/435/335
f 1/436/336 1417/437/336 1561/434/336 1415/438/336
f 84/439/337 643/440/337 1561/434/337 1417/437/337
f 8/441/338 1416/442/338 1562/443/338 1418/444/338
f 83/388/339 641/424/339 1562/443/339 1416/445/339
f 98/428/340 1418/444/340 1562/443/340 641/446/340
f 77/335/341 599/334/341 1563/447/341 644/448/341
f 599/334/342 76/333/342 642/430/342 1563/447/342
f 1563/447/343 642/430/343 91/432/343 628/449/343
f 644/448/344 1563/447/344 628/449/344 92/450/344
f 70/341/345 592/340/345 1564/451/345 645/452/345
f 592/340/346 69/339/346 643/435/346 1564/451/346
f 1564/451/347 643/435/347 84/439/347 621/453/347
f 645/452/348 1564/451/348 621/453/348 85/454/348
f 78/345/349 600/344/349 1565/455/349 646/456/349
f 600/344/350 77/335/350 644/448/350 1565/455/350
f 1565/455/351 644/448/351 92/450/351 629/457/351
f 646/456/352 1565/455/352 629/457/352 93/458/352
f 71/351/353 593/350/353 1566/459/353 647/460/353
f 593/350/354 70/349/354 645/461/354 1566/459/354
f 1566/459/355 645/461/355 85/454/355 622/462/355
f 647/460/356 1566/459/356 622/462/356 86/463/356
f 79/355/357 601/354/357 1567/464/357 648/465/357
f 601/354/358 78/345/358 646/456/358 1567/464/358
f 1567/464/359 646/456/359 93/458/359 630/466/359
f 648/465/360 1567/464/360 630/466/360 94/467/360
f 72/359/361 594/358/361 1568/468/361 649/469/361
f 594/358/362 71/351/362 647/460/362 1568/468/362
f 1568/468/363 647/460/363 86/463/363 623/470/363
f 649/469/364 1568/468/364 623/470/364 87/471/364
f 80/363/365 602/362/365 1569/472/365 636/405/365
f 602/362/366 79/355/366 648/465/366 1569/472/366
f 1569/472/367 648/465/367 94/467/367 631/473/367
f 636/405/368 1569/472/368 631/473/368 95/406/368
f 73/367/369 595/366/369 1570/474/369 638/411/369
f 595/366/370 72/359/370 649/469/370 1570/474/370
f 1570/474/371 649/469/371 87/471/371 624/475/371
f 638/411/372 1570/474/372 624/475/372 88/412/372
f 93/458/373 629/457/373 1571/476/373 664/477/373
f 629/457/374 92/450/374 665/478/374 1571/476/374
f 1571/476/375 665/478/375 107/479/375 658/480/375
f 664/477/376 1571/476/376 658/480/376 108/481/376
f 86/463/377 622/462/377 1572/482/377 666/483/377
f 622/462/378 85/454/378 667/484/378 1572/482/378
f 1572/482/379 667/484/379 100/485/379 651/486/379
f 666/483/380 1572/482/380 651/486/380 101/487/380
f 94/467/381 630/466/381 1573/488/381 668/489/381
f 630/466/382 93/458/382 664/477/382 1573/488/382
f 1573/488/383 664/477/383 108/481/383 659/490/383
f 668/489/384 1573/488/384 659/490/384 109/491/384
f 87/471/385 623/470/385 1574/492/385 669/493/385
f 623/470/386 86/463/386 666/483/386 1574/492/386
f 1574/492/387 666/483/387 101/487/387 652/494/387
f 669/493/388 1574/492/388 652/494/388 102/495/388
f 95/406/389 631/473/389 1575/496/389 670/497/389
f 631/473/390 94/467/390 668/489/390 1575/496/390
f 1575/496/391 668/489/391 109/491/391 660/498/391
f 670/497/392 1575/496/392 660/498/392 110/499/392
f 88/412/393 624/475/393 1576/500/393 671/501/393
f 624/475/394 87/471/394 669/493/394 1576/500/394
f 1576/500/395 669/493/395 102/495/395 653/502/395
f 671/501/396 1576/500/396 653/502/396 103/503/396
f 96/408/397 632/407/397 1577/504/397 672/505/397
f 632/407/398 95/406/398 670/497/398 1577/504/398
f 1577/504/399 670/497/399 110/499/399 661/506/399
f 672/505/400 1577/504/400 661/506/400 111/507/400
f 89/414/401 625/413/401 1578/508/401 673/509/401
f 625/413/402 88/412/402 671/501/402 1578/508/402
f 1578/508/403 671/501/403 103/503/403 654/510/403
f 673/509/404 1578/508/404 654/510/404 104/511/404
f 97/418/405 633/417/405 1579/512/405 674/513/405
f 633/417/406 96/408/406 672/505/406 1579/512/406
f 1579/512/407 672/505/407 111/507/407 662/514/407
f 674/513/408 1579/512/408 662/514/408 112/515/408
f 90/422/409 626/421/409 1580/516/409 675/517/409
f 626/421/410 89/414/410 673/509/410 1580/516/410
f 1580/516/411 673/509/411 104/511/411 655/518/411
f 675/517/412 1580/516/412 655/518/412 105/519/412
f 98/428/413 634/427/413 1581/520/413 676/521/413
f 634/427/414 97/426/414 674/513/414 1581/520/414
f 1581/520/415 674/513/415 112/522/415 663/523/415
f 676/521/416 1581/520/416 663/523/416 113/524/416
f 91/432/417 627/431/417 1582/525/417 677/526/417
f 627/431/418 90/422/418 675/517/418 1582/525/418
f 1582/525/419 675/517/419 105/519/419 656/527/419
f 677/526/420 1582/525/420 656/527/420 106/528/420
f 84/439/421 1417/529/421 1583/530/421 678/531/421
f 1/532/422 1419/533/422 1583/530/422 1417/529/422
f 99/534/423 678/535/423 1583/530/423 1419/533/423
f 8/536/424 1418/537/424 1584/538/424 1420/539/424
f 98/428/425 676/540/425 1584/538/425 1418/537/425
f 113/524/426 1420/539/426 1584/538/426 676/521/426
f 92/450/427 628/449/427 1585/541/427 665/478/427
f 628/449/428 91/432/428 677/526/428 1585/541/428
f 1585/541/429 677/526/429 106/528/429 657/542/429
f 665/478/430 1585/541/430 657/542/430 107/479/430
f 85/454/431 621/453/431 1586/543/431 667/544/431
f 621/453/432 84/439/432 678/531/432 1586/543/432
f 1586/543/433 678/531/433 99/534/433 650/545/433
f 667/544/434 1586/543/434 650/545/434 100/485/434
f 112/515/435 662/514/435 1587/546/435 693/547/435
f 662/514/436 111/507/436 694/548/436 1587/546/436
f 1587/546/437 694/548/437 126/549/437 691/550/437
f 693/547/438 1587/546/438 691/550/438 127/551/438
f 105/519/439 655/518/439 1588/552/439 695/553/439
f 655/518/440 104/511/440 696/554/440 1588/552/440
f 1588/552/441 696/554/441 119/555/441 684/556/441
f 695/553/442 1588/552/442 684/556/442 120/557/442
f 113/524/443 663/523/443 1589/558/443 697/559/443
f 663/523/444 112/522/444 693/560/444 1589/558/444
f 1589/558/445 693/560/445 127/561/445 692/562/445
f 697/559/446 1589/558/446 692/562/446 128/563/446
f 106/528/447 656/527/447 1590/564/447 698/565/447
f 656/527/448 105/519/448 695/553/448 1590/564/448
f 1590/564/449 695/553/449 120/557/449 685/566/449
f 698/565/450 1590/564/450 685/566/450 121/567/450
f 99/534/451 1419/568/451 1591/569/451 699/570/451
f 1/571/452 1421/572/452 1591/569/452 1419/568/452
f 114/573/453 699/574/453 1591/569/453 1421/572/453
f 8/575/454 1420/576/454 1592/577/454 1422/578/454
f 113/524/455 697/559/455 1592/577/455 1420/576/455
f 128/563/456 1422/578/456 1592/577/456 697/559/456
f 107/479/457 657/542/457 1593/579/457 700/580/457
f 657/542/458 106/528/458 698/565/458 1593/579/458
f 1593/579/459 698/565/459 121/567/459 686/581/459
f 700/580/460 1593/579/460 686/581/460 122/582/460
f 100/485/461 650/545/461 1594/583/461 701/584/461
f 650/545/462 99/534/462 699/570/462 1594/583/462
f 1594/583/463 699/570/463 114/573/463 679/585/463
f 701/584/464 1594/583/464 679/585/464 115/586/464
f 108/481/465 658/480/465 1595/587/465 702/588/465
f 658/480/466 107/479/466 700/580/466 1595/587/466
f 1595/587/467 700/580/467 122/582/467 687/589/467
f 702/588/468 1595/587/468 687/589/468 123/590/468
f 101/487/469 651/486/469 1596/591/469 703/592/469
f 651/486/470 100/485/470 701/593/470 1596/591/470
f 1596/591/471 701/593/471 115/586/471 680/594/471
f 703/592/472 1596/591/472 680/594/472 116/595/472
f 109/491/473 659/490/473 1597/596/473 704/597/473
f 659/490/474 108/481/474 702/588/474 1597/596/474
f 1597/596/475 702/588/475 123/590/475 688/598/475
f 704/597/476 1597/596/476 688/598/476 124/599/476
f 102/495/477 652/494/477 1598/600/477 705/601/477
f 652/494/478 101/487/478 703/592/478 1598/600/478
f 1598/600/479 703/592/479 116/595/479 681/602/479
f 705/601/480 1598/600/480 681/602/480 117/603/480
f 110/499/481 660/498/481 1599/604/481 706/605/481
f 660/498/482 109/491/482 704/597/482 1599/604/482
f 1599/604/483 704/597/483 124/599/483 689/606/483
f 706/605/484 1599/604/484 689/606/484 125/607/484
f 103/503/485 653/502/485 1600/608/485 707/609/485
f 653/502/486 102/495/486 705/601/486 1600/608/486
f 1600/608/487 705/601/487 117/603/487 682/610/487
f 707/609/488 1600/608/488 682/610/488 118/611/488
f 111/507/489 661/506/489 1601/612/489 694/548/489
f 661/506/490 110/499/490 706/605/490 1601/612/490
f 1601/612/491 706/605/491 125/607/491 690/613/491
f 694/548/492 1601/612/492 690/613/492 126/549/492
f 104/511/493 654/510/493 1602/614/493 696/554/493
f 654/510/494 103/503/494 707/609/494 1602/614/494
f 1602/614/495 707/609/495 118/611/495 683/615/495
f 696/554/496 1602/614/496 683/615/496 119/555/496
f 116/595/497 680/594/497 1603/616/497 722/617/497
f 680/594/498 115/586/498 723/618/498 1603/616/498
f 1603/616/499 723/618/499 130/619/499 709/620/499
f 722/617/500 1603/616/500 709/620/500 131/621/500
f 124/599/501 688/598/501 1604/622/501 724/623/501
f 688/598/502 123/590/502 725/624/502 1604/622/502
f 1604/622/503 725/624/503 138/625/503 717/626/503
f 724/623/504 1604/622/504 717/626/504 139/627/504
f 117/603/505 681/602/505 1605/628/505 726/629/505
f 681/602/506 116/595/506 722/617/506 1605/628/506
f 1605/628/507 722/617/507 131/621/507 710/630/507
f 726/629/508 1605/628/508 710/630/508 132/631/508
f 125/607/509 689/606/509 1606/632/509 727/633/509
f 689/606/510 124/599/510 724/623/510 1606/632/510
f 1606/632/511 724/623/511 139/627/511 718/634/511
f 727/633/512 1606/632/512 718/634/512 140/635/512
f 118/611/513 682/610/513 1607/636/513 728/637/513
f 682/610/514 117/603/514 726/629/514 1607/636/514
f 1607/636/515 726/629/515 132/631/515 711/638/515
f 728/637/516 1607/636/516 711/638/516 133/639/516
f 126/549/517 690/613/517 1608/640/517 729/641/517
f 690/613/518 125/607/518 727/633/518 1608/640/518
f 1608/640/519 727/633/519 140/635/519 719/642/519
f 729/641/520 1608/640/520 719/642/520 141/643/520
f 119/555/521 683/615/521 1609/644/521 730/645/521
f 683/615/522 118/611/522 728/637/522 1609/644/522
f 1609/644/523 728/637/523 133/639/523 712/646/523
f 730/645/524 1609/644/524 712/646/524 134/647/524
f 127/551/525 691/550/525 1610/648/525 731/649/525
f 691/550/526 126/549/526 729/641/526 1610/648/526
f 1610/648/527 729/641/527 141/643/527 720/650/527
f 731/649/528 1610/648/528 720/650/528 142/651/528
f 120/557/529 684/556/529 1611/652/529 732/653/529
f 684/556/530 119/555/530 730/645/530 1611/652/530
f 1611/652/531 730/645/531 134/647/531 713/654/531
f 732/653/532 1611/652/532 713/654/532 135/655/532
f 128/563/533 692/562/533 1612/656/533 733/657/533
f 692/562/534 127/561/534 731/658/534 1612/656/534
f 1612/656/535 731/658/535 142/659/535 721/660/535
f 733/657/536 1612/656/536 721/660/536 143/661/536
f 121/567/537 685/566/537 1613/662/537 734/663/537
f 685/566/538 120/557/538 732/653/538 1613/662/538
f 1613/662/539 732/653/539 135/655/539 714/664/539
f 734/663/540 1613/662/540 714/664/540 136/665/540
f 114/573/541 1421/666/541 1614/667/541 735/668/541
f 1/669/542 1423/670/542 1614/667/542 1421/666/542
f 129/671/543 735/672/543 1614/667/543 1423/670/543
f 8/673/544 1422/674/544 1615/675/544 1424/676/544
f 128/563/545 733/677/545 1615/675/545 1422/674/545
f 143/661/546 1424/676/546 1615/675/546 733/677/546
f 122/582/547 686/581/547 1616/678/547 736/679/547
f 686/581/548 121/567/548 734/663/548 1616/678/548
f 1616/678/549 734/663/549 136/665/549 715/680/549
f 736/679/550 1616/678/550 715/680/550 137/681/550
f 115/586/551 679/585/551 1617/682/551 723/683/551
f 679/585/552 114/573/552 735/668/552 1617/682/552
f 1617/682/553 735/668/553 129/671/553 708/684/553
f 723/683/554 1617/682/554 708/684/554 130/619/554
f 123/590/555 687/589/555 1618/685/555 725/624/555
f 687/589/556 122/582/556 736/679/556 1618/685/556
f 1618/685/557 736/679/557 137/681/557 716/686/557
f 725/624/558 1618/685/558 716/686/558 138/625/558
f 135/655/559 713/654/559 1619/687/559 751/688/559
f 713/654/560 134/647/560 752/689/560 1619/687/560
f 1619/687/561 752/689/561 149/690/561 742/691/561
f 751/688/562 1619/687/562 742/691/562 150/692/562
f 143/661/563 721/660/563 1620/693/563 753/694/563
f 721/660/564 142/659/564 754/695/564 1620/693/564
f 1620/693/565 754/695/565 157/696/565 750/697/565
f 753/694/566 1620/693/566 750/697/566 158/698/566
f 136/665/567 714/664/567 1621/699/567 755/700/567
f 714/664/568 135/655/568 751/688/568 1621/699/568
f 1621/699/569 751/688/569 150/692/569 743/701/569
f 755/700/570 1621/699/570 743/701/570 151/702/570
f 129/671/571 1423/703/571 1622/704/571 756/705/571
f 1/706/572 1425/707/572 1622/704/572 1423/703/572
f 144/708/573 756/709/573 1622/704/573 1425/707/573
f 8/710/574 1424/711/574 1623/712/574 1426/713/574
f 143/661/575 753/714/575 1623/712/575 1424/711/575
f 158/698/576 1426/713/576 1623/712/576 753/694/576
f 137/681/577 715/680/577 1624/715/577 757/716/577
f 715/680/578 136/665/578 755/700/578 1624/715/578
f 1624/715/579 755/700/579 151/702/579 744/717/579
f 757/716/580 1624/715/580 744/717/580 152/718/580
f 130/619/581 708/684/581 1625/719/581 758/720/581
f 708/684/582 129/671/582 756/705/582 1625/719/582
f 1625/719/583 756/705/583 144/708/583 737/721/583
f 758/720/584 1625/719/584 737/721/584 145/722/584
f 138/625/585 716/686/585 1626/723/585 759/724/585
f 716/686/586 137/681/586 757/716/586 1626/723/586
f 1626/723/587 757/716/587 152/718/587 745/725/587
f 759/724/588 1626/723/588 745/725/588 153/726/588
f 131/621/589 709/620/589 1627/727/589 760/728/589
f 709/620/590 130/619/590 758/729/590 1627/727/590
f 1627/727/591 758/729/591 145/730/591 738/731/591
f 760/728/592 1627/727/592 738/731/592 146/732/592
f 139/627/593 717/626/593 1628/733/593 761/734/593
f 717/626/594 138/625/594 759/724/594 1628/733/594
f 1628/733/595 759/724/595 153/726/595 746/735/595
f 761/734/596 1628/733/596 746/735/596 154/736/596
f 132/631/597 710/630/597 1629/737/597 762/738/597
f 710/630/598 131/621/598 760/728/598 1629/737/598
f 1629/737/599 760/728/599 146/732/599 739/739/599
f 762/738/600 1629/737/600 739/739/600 147/740/600
f 140/635/601 718/634/601 1630/741/601 763/742/601
f 718/634/602 139/627/602 761/734/602 1630/741/602
f 1630/741/603 761/734/603 154/736/603 747/743/603
f 763/742/604 1630/741/604 747/743/604 155/744/604
f 133/639/605 711/638/605 1631/745/605 764/746/605
f 711/638/606 132/631/606 762/738/606 1631/745/606
f 1631/745/607 762/738/607 147/740/607 740/747/607
f 764/746/608 1631/745/608 740/747/608 148/748/608
f 141/643/609 719/642/609 1632/749/609 765/750/609
f 719/642/610 140/635/610 763/742/610 1632/749/610
f 1632/749/611 763/742/611 155/744/611 748/751/611
f 765/750/612 1632/749/612 748/751/612 156/752/612
f 134/647/613 712/646/613 1633/753/613 752/689/613
f 712/646/614 133/639/614 764/746/614 1633/753/614
f 1633/753/615 764/746/615 148/748/615 741/754/615
f 752/689/616 1633/753/616 741/754/616 149/690/616
f 142/651/617 720/650/617 1634/755/617 754/756/617
f 720/650/618 141/643/618 765/750/618 1634/755/618
f 1634/755/619 765/750/619 156/752/619 749/757/619
f 754/756/620 1634/755/620 749/757/620 157/758/620
f 154/736/621 746/735/621 1635/759/621 780/760/621
f 746/735/622 153/726/622 781/761/622 1635/759/622
f 1635/759/623 781/761/623 168/762/623 775/763/623
f 780/760/624 1635/759/624 775/763/624 169/764/624
f 147/740/625 739/739/625 1636/765/625 782/766/625
f 739/739/626 146/732/626 783/767/626 1636/765/626
f 1636/765/627 783/767/627 161/768/627 768/769/627
f 782/766/628 1636/765/628 768/769/628 162/770/628
f 155/744/629 747/743/629 1637/771/629 784/772/629
f 747/743/630 154/736/630 780/760/630 1637/771/630
f 1637/771/631 780/760/631 169/764/631 776/773/631
f 784/772/632 1637/771/632 776/773/632 170/774/632
f 148/748/633 740/747/633 1638/775/633 785/776/633
f 740/747/634 147/740/634 782/766/634 1638/775/634
f 1638/775/635 782/766/635 162/770/635 769/777/635
f 785/776/636 1638/775/636 769/777/636 163/778/636
f 156/752/637 748/751/637 1639/779/637 786/780/637
f 748/751/638 155/744/638 784/772/638 1639/779/638
f 1639/779/639 784/772/639 170/774/639 777/781/639
f 786/780/640 1639/779/640 777/781/640 171/782/640
f 149/690/641 741/754/641 1640/783/641 787/784/641
f 741/754/642 148/748/642 785/776/642 1640/783/642
f 1640/783/643 785/776/643 163/778/643 770/785/643
f 787/784/644 1640/783/644 770/785/644 164/786/644
f 157/758/645 749/757/645 1641/787/645 788/788/645
f 749/757/646 156/752/646 786/780/646 1641/787/646
f 1641/787/647 786/780/647 171/782/647 778/789/647
f 788/788/648 1641/787/648 778/789/648 172/790/648
f 150/692/649 742/691/649 1642/791/649 789/792/649
f 742/691/650 149/690/650 787/784/650 1642/791/650
f 1642/791/651 787/784/651 164/786/651 771/793/651
f 789/792/652 1642/791/652 771/793/652 165/794/652
f 158/698/653 750/697/653 1643/795/653 790/796/653
f 750/697/654 157/696/654 788/797/654 1643/795/654
f 1643/795/655 788/797/655 172/798/655 779/799/655
f 790/796/656 1643/795/656 779/799/656 173/800/656
f 151/702/657 743/701/657 1644/801/657 791/802/657
f 743/701/658 150/692/658 789/792/658 1644/801/658
f 1644/801/659 789/792/659 165/794/659 772/803/659
f 791/802/660 1644/801/660 772/803/660 166/804/660
f 144/708/661 1425/805/661 1645/806/661 792/807/661
f 1/808/662 1427/809/662 1645/806/662 1425/805/662
f 159/810/663 792/811/663 1645/806/663 1427/809/663
f 8/812/664 1426/813/664 1646/814/664 1428/815/664
f 158/698/665 790/816/665 1646/814/665 1426/813/665
f 173/800/666 1428/815/666 1646/814/666 790/817/666
f 152/718/667 744/717/667 1647/818/667 793/819/667
f 744/717/668 151/702/668 791/802/668 1647/818/668
f 1647/818/669 791/802/669 166/804/669 773/820/669
f 793/819/670 1647/818/670 773/820/670 167/821/670
f 145/722/671 737/721/671 1648/822/671 794/823/671
f 737/721/672 144/708/672 792/807/672 1648/822/672
f 1648/822/673 792/807/673 159/810/673 766/824/673
f 794/823/674 1648/822/674 766/824/674 160/825/674
f 153/726/675 745/725/675 1649/826/675 781/761/675
f 745/725/676 152/718/676 793/819/676 1649/826/676
f 1649/826/677 793/819/677 167/821/677 774/827/677
f 781/761/678 1649/826/678 774/827/678 168/762/678
f 146/732/679 738/731/679 1650/828/679 783/767/679
f 738/731/680 145/730/680 794/829/680 1650/828/680
f 1650/828/681 794/829/681 160/830/681 767/831/681
f 783/767/682 1650/828/682 767/831/682 161/768/682
f 173/800/683 779/799/683 1651/832/683 809/833/683
f 779/799/684 172/798/684 810/834/684 1651/832/684
f 1651/832/685 810/834/685 187/835/685 808/836/685
f 809/833/686 1651/832/686 808/836/686 188/837/686
f 166/804/687 772/803/687 1652/838/687 811/839/687
f 772/803/688 165/794/688 812/840/688 1652/838/688
f 1652/838/689 812/840/689 180/841/689 801/842/689
f 811/839/690 1652/838/690 801/842/690 181/843/690
f 159/810/691 1427/844/691 1653/845/691 813/846/691
f 1/847/692 1429/848/692 1653/845/692 1427/849/692
f 174/850/693 813/851/693 1653/845/693 1429/848/693
f 8/852/694 1428/853/694 1654/854/694 1430/855/694
f 173/800/695 809/856/695 1654/854/695 1428/857/695
f 188/837/696 1430/855/696 1654/854/696 809/833/696
f 167/821/697 773/820/697 1655/858/697 814/859/697
f 773/820/698 166/804/698 811/839/698 1655/858/698
f 1655/858/699 811/839/699 181/843/699 802/860/699
f 814/859/700 1655/858/700 802/860/700 182/861/700
f 160/825/701 766/824/701 1656/862/701 815/863/701
f 766/824/702 159/810/702 813/846/702 1656/862/702
f 1656/862/703 813/846/703 174/850/703 795/864/703
f 815/863/704 1656/862/704 795/864/704 175/865/704
f 168/762/705 774/827/705 1657/866/705 816/867/705
f 774/827/706 167/821/706 814/859/706 1657/866/706
f 1657/866/707 814/859/707 182/861/707 803/868/707
f 816/867/708 1657/866/708 803/868/708 183/869/708
f 161/768/709 767/831/709 1658/870/709 817/871/709
f 767/831/710 160/830/710 815/872/710 1658/870/710
f 1658/870/711 815/872/711 175/865/711 796/873/711
f 817/871/712 1658/870/712 796/873/712 176/874/712
f 169/764/713 775/763/713 1659/875/713 818/876/713
f 775/763/714 168/762/714 816/867/714 1659/875/714
f 1659/875/715 816/867/715 183/869/715 804/877/715
f 818/876/716 1659/875/716 804/877/716 184/878/716
f 162/770/717 768/769/717 1660/879/717 819/880/717
f 768/769/718 161/768/718 817/871/718 1660/879/718
f 1660/879/719 817/871/719 176/874/719 797/881/719
f 819/880/720 1660/879/720 797/881/720 177/882/720
f 170/774/721 776/773/721 1661/883/721 820/884/721
f 776/773/722 169/764/722 818/876/722 1661/883/722
f 1661/883/723 818/876/723 184/878/723 805/885/723
f 820/884/724 1661/883/724 805/885/724 185/886/724
f 163/778/725 769/777/725 1662/887/725 821/888/725
f 769/777/726 162/770/726 819/880/726 1662/887/726
f 1662/887/727 819/880/727 177/882/727 798/889/727
f 821/888/728 1662/887/728 798/889/728 178/890/728
f 171/782/729 777/781/729 1663/891/729 822/892/729
f 777/781/730 170/774/730 820/884/730 1663/891/730
f 1663/891/731 820/884/731 185/886/731 806/893/731
f 822/892/732 1663/891/732 806/893/732 186/894/732
f 164/786/733 770/785/733 1664/895/733 823/896/733
f 770/785/734 163/778/734 821/888/734 1664/895/734
f 1664/895/735 821/888/735 178/890/735 799/897/735
f 823/896/736 1664/895/736 799/897/736 179/898/736
f 172/790/737 778/789/737 1665/899/737 810/834/737
f 778/789/738 171/782/738 822/892/738 1665/899/738
f 1665/899/739 822/892/739 186/894/739 807/900/739
f 810/834/740 1665/899/740 807/900/740 187/901/740
f 165/794/741 771/793/741 1666/902/741 812/840/741
f 771/793/742 164/786/742 823/896/742 1666/902/742
f 1666/902/743 823/896/743 179/898/743 800/903/743
f 812/840/744 1666/902/744 800/903/744 180/841/744
f 177/882/745 797/881/745 1667/904/745 838/905/745
f 797/881/746 176/874/746 839/906/746 1667/904/746
f 1667/904/747 839/906/747 191/907/747 826/908/747
f 838/905/748 1667/904/748 826/908/748 192/909/748
f 185/886/749 805/885/749 1668/910/749 840/911/749
f 805/885/750 184/878/750 841/912/750 1668/910/750
f 1668/910/751 841/912/751 199/913/751 834/914/751
f 840/911/752 1668/910/752 834/914/752 200/915/752
f 178/890/753 798/889/753 1669/916/753 842/917/753
f 798/889/754 177/882/754 838/905/754 1669/916/754
f 1669/916/755 838/905/755 192/909/755 827/918/755
f 842/917/756 1669/916/756 827/918/756 193/919/756
f 186/894/757 806/893/757 1670/920/757 843/921/757
f 806/893/758 185/886/758 840/911/758 1670/920/758
f 1670/920/759 840/911/759 200/915/759 835/922/759
f 843/921/760 1670/920/760 835/922/760 201/923/760
f 179/898/761 799/897/761 1671/924/761 844/925/761
f 799/897/762 178/890/762 842/917/762 1671/924/762
f 1671/924/763 842/917/763 193/919/763 828/926/763
f 844/925/764 1671/924/764 828/926/764 194/927/764
f 187/901/765 807/900/765 1672/928/765 845/929/765
f 807/900/766 186/894/766 843/921/766 1672/928/766
f 1672/928/767 843/921/767 201/923/767 836/930/767
f 845/929/768 1672/928/768 836/930/768 202/931/768
f 180/841/769 800/903/769 1673/932/769 846/933/769
f 800/903/770 179/898/770 844/925/770 1673/932/770
f 1673/932/771 844/925/771 194/927/771 829/934/771
f 846/933/772 1673/932/772 829/934/772 195/935/772
f 188/837/773 808/836/773 1674/936/773 847/937/773
f 808/836/774 187/835/774 845/938/774 1674/936/774
f 1674/936/775 845/938/775 202/939/775 837/940/775
f 847/937/776 1674/936/776 837/940/776 203/941/776
f 181/843/777 801/842/777 1675/942/777 848/943/777
f 801/842/778 180/841/778 846/933/778 1675/942/778
f 1675/942/779 846/933/779 195/935/779 830/944/779
f 848/943/780 1675/942/780 830/944/780 196/945/780
f 174/850/781 1429/946/781 1676/947/781 849/948/781
f 1/949/782 1431/950/782 1676/947/782 1429/951/782
f 189/952/783 849/953/783 1676/947/783 1431/950/783
f 8/954/784 1430/955/784 1677/956/784 1432/957/784
f 188/837/785 847/937/785 1677/956/785 1430/958/785
f 203/941/786 1432/957/786 1677/956/786 847/959/786
f 182/861/787 802/860/787 1678/960/787 850/961/787
f 802/860/788 181/843/788 848/943/788 1678/960/788
f 1678/960/789 848/943/789 196/945/789 831/962/789
f 850/961/790 1678/960/790 831/962/790 197/963/790
f 175/865/791 795/864/791 1679/964/791 851/965/791
f 795/864/792 174/850/792 849/948/792 1679/964/792
f 1679/964/793 849/948/793 189/952/793 824/966/793
f 851/965/794 1679/964/794 824/966/794 190/967/794
f 183/869/795 803/868/795 1680/968/795 852/969/795
f 803/868/796 182/861/796 850/961/796 1680/968/796
f 1680/968/797 850/961/797 197/963/797 832/970/797
f 852/969/798 1680/968/798 832/970/798 198/971/798
f 176/874/799 796/873/799 1681/972/799 839/906/799
f 796/873/800 175/865/800 851/973/800 1681/972/800
f 1681/972/801 851/973/801 190/974/801 825/975/801
f 839/906/802 1681/972/802 825/975/802 191/907/802
f 184/878/803 804/877/803 1682/976/803 841/912/803
f 804/877/804 183/869/804 852/969/804 1682/976/804
f 1682/976/805 852/969/805 198/971/805 833/977/805
f 841/912/806 1682/976/806 833/977/806 199/913/806
f 196/945/807 830/944/807 1683/978/807 867/979/807
f 830/944/808 195/935/808 868/980/808 1683/978/808
f 1683/978/809 868/980/809 210/981/809 859/982/809
f 867/979/810 1683/978/810 859/982/810 211/983/810
f 189/952/811 1431/984/811 1684/985/811 869/986/811
f 1/987/812 1433/988/812 1684/985/812 1431/989/812
f 204/990/813 869/991/813 1684/985/813 1433/988/813
f 8/992/814 1432/993/814 1685/994/814 1434/995/814
f 203/941/815 870/996/815 1685/994/815 1432/997/815
f 218/998/816 1434/995/816 1685/994/816 870/999/816
f 197/963/817 831/962/817 1686/1000/817 871/1001/817
f 831/962/818 196/945/818 867/979/818 1686/1000/818
f 1686/1000/819 867/979/819 211/983/819 860/1002/819
f 871/1001/820 1686/1000/820 860/1002/820 212/1003/820
f 190/967/821 824/966/821 1687/1004/821 872/1005/821
f 824/966/822 189/952/822 869/986/822 1687/1004/822
f 1687/1004/823 869/986/823 204/990/823 853/1006/823
f 872/1005/824 1687/1004/824 853/1006/824 205/1007/824
f 198/971/825 832/970/825 1688/1008/825 873/1009/825
f 832/970/826 197/963/826 871/1001/826 1688/1008/826
f 1688/1008/827 871/1001/827 212/1003/827 861/1010/827
f 873/1009/828 1688/1008/828 861/1010/828 213/1011/828
f 191/907/829 825/975/829 1689/1012/829 874/1013/829
f 825/975/830 190/974/830 872/1014/830 1689/1012/830
f 1689/1012/831 872/1014/831 205/1015/831 854/1016/831
f 874/1013/832 1689/1012/832 854/1016/832 206/1017/832
f 199/913/833 833/977/833 1690/1018/833 875/1019/833
f 833/977/834 198/971/834 873/1009/834 1690/1018/834
f 1690/1018/835 873/1009/835 213/1011/835 862/1020/835
f 875/1019/836 1690/1018/836 862/1020/836 214/1021/836
f 192/909/837 826/908/837 1691/1022/837 876/1023/837
f 826/908/838 191/907/838 874/1013/838 1691/1022/838
f 1691/1022/839 874/1013/839 206/1017/839 855/1024/839
f 876/1023/840 1691/1022/840 855/1024/840 207/1025/840
f 200/915/841 834/914/841 1692/1026/841 877/1027/841
f 834/914/842 199/913/842 875/1019/842 1692/1026/842
f 1692/1026/843 875/1019/843 214/1021/843 863/1028/843
f 877/1027/844 1692/1026/844 863/1028/844 215/1029/844
f 193/919/845 827/918/845 1693/1030/845 878/1031/845
f 827/918/846 192/909/846 876/1023/846 1693/1030/846
f 1693/1030/847 876/1023/847 207/1025/847 856/1032/847
f 878/1031/848 1693/1030/848 856/1032/848 208/1033/848
f 201/923/849 835/922/849 1694/1034/849 879/1035/849
f 835/922/850 200/915/850 877/1027/850 1694/1034/850
f 1694/1034/851 877/1027/851 215/1029/851 864/1036/851
f 879/1035/852 1694/1034/852 864/1036/852 216/1037/852
f 194/927/853 828/926/853 1695/1038/853 880/1039/853
f 828/926/854 193/919/854 878/1031/854 1695/1038/854
f 1695/1038/855 878/1031/855 208/1033/855 857/1040/855
f 880/1039/856 1695/1038/856 857/1040/856 209/1041/856
f 202/931/857 836/930/857 1696/1042/857 881/1043/857
f 836/930/858 201/923/858 879/1035/858 1696/1042/858
f 1696/1042/859 879/1035/859 216/1037/859 865/1044/859
f 881/1043/860 1696/1042/860 865/1044/860 217/1045/860
f 195/935/861 829/934/861 1697/1046/861 868/980/861
f 829/934/862 194/927/862 880/1039/862 1697/1046/862
f 1697/1046/863 880/1039/863 209/1041/863 858/1047/863
f 868/980/864 1697/1046/864 858/1047/864 210/981/864
f 203/941/865 837/940/865 1698/1048/865 870/999/865
f 837/940/866 202/939/866 881/1049/866 1698/1048/866
f 1698/1048/867 881/1049/867 217/1050/867 866/1051/867
f 870/999/868 1698/1048/868 866/1051/868 218/998/868
f 215/1029/869 863/1028/869 1699/1052/869 896/1053/869
f 863/1028/870 214/1021/870 897/1054/870 1699/1052/870
f 1699/1052/871 897/1054/871 229/1055/871 892/1056/871
f 896/1053/872 1699/1052/872 892/1056/872 230/1057/872
f 208/1033/873 856/1032/873 1700/1058/873 898/1059/873
f 856/1032/874 207/1025/874 899/1060/874 1700/1058/874
f 1700/1058/875 899/1060/875 222/1061/875 885/1062/875
f 898/1059/876 1700/1058/876 885/1062/876 223/1063/876
f 216/1037/877 864/1036/877 1701/1064/877 900/1065/877
f 864/1036/878 215/1029/878 896/1053/878 1701/1064/878
f 1701/1064/879 896/1053/879 230/1057/879 893/1066/879
f 900/1065/880 1701/1064/880 893/1066/880 231/1067/880
f 209/1041/881 857/1040/881 1702/1068/881 901/1069/881
f 857/1040/882 208/1033/882 898/1059/882 1702/1068/882
f 1702/1068/883 898/1059/883 223/1063/883 886/1070/883
f 901/1069/884 1702/1068/884 886/1070/884 224/1071/884
f 217/1045/885 865/1044/885 1703/1072/885 902/1073/885
f 865/1044/886 216/1037/886 900/1065/886 1703/1072/886
f 1703/1072/887 900/1065/887 231/1067/887 894/1074/887
f 902/1073/888 1703/1072/888 894/1074/888 232/1075/888
f 210/981/889 858/1047/889 1704/1076/889 903/1077/889
f 858/1047/890 209/1041/890 901/1069/890 1704/1076/890
f 1704/1076/891 901/1069/891 224/1071/891 887/1078/891
f 903/1077/892 1704/1076/892 887/1078/892 225/1079/892
f 218/998/893 866/1051/893 1705/1080/893 904/1081/893
f 866/1051/894 217/1050/894 902/1073/894 1705/1080/894
f 1705/1080/895 902/1073/895 232/1082/895 895/1083/895
f 904/1081/896 1705/1080/896 895/1083/896 233/1084/896
f 211/983/897 859/982/897 1706/1085/897 905/1086/897
f 859/982/898 210/981/898 903/1077/898 1706/1085/898
f 1706/1085/899 903/1077/899 225/1079/899 888/1087/899
f 905/1086/900 1706/1085/900 888/1087/900 226/1088/900
f 204/990/901 1433/1089/901 1707/1090/901 906/1091/901
f 1/1092/902 1435/1093/902 1707/1090/902 1433/1094/902
f 219/1095/903 906/1096/903 1707/1090/903 1435/1097/903
f 8/1098/904 1434/1099/904 1708/1100/904 1436/1101/904
f 218/998/905 904/1102/905 1708/1100/905 1434/1103/905
f 233/1084/906 1436/1104/906 1708/1100/906 904/1102/906
f 212/1003/907 860/1002/907 1709/1105/907 907/1106/907
f 860/1002/908 211/983/908 905/1086/908 1709/1105/908
f 1709/1105/909 905/1086/909 226/1088/909 889/1107/909
f 907/1106/910 1709/1105/910 889/1107/910 227/1108/910
f 205/1007/911 853/1006/911 1710/1109/911 908/1110/911
f 853/1006/912 204/990/912 906/1091/912 1710/1109/912
f 1710/1109/913 906/1091/913 219/1095/913 882/1111/913
f 908/1110/914 1710/1109/914 882/1111/914 220/1112/914
f 213/1011/915 861/1010/915 1711/1113/915 909/1114/915
f 861/1010/916 212/1003/916 907/1106/916 1711/1113/916
f 1711/1113/917 907/1106/917 227/1108/917 890/1115/917
f 909/1114/918 1711/1113/918 890/1115/918 228/1116/918
f 206/1017/919 854/1016/919 1712/1117/919 910/1118/919
f 854/1016/920 205/1015/920 908/1119/920 1712/1117/920
f 1712/1117/921 908/1119/921 220/1120/921 883/1121/921
f 910/1118/922 1712/1117/922 883/1121/922 221/1122/922
f 214/1021/923 862/1020/923 1713/1123/923 897/1054/923
f 862/1020/924 213/1011/924 909/1114/924 1713/1123/924
f 1713/1123/925 909/1114/925 228/1116/925 891/1124/925
f 897/1054/926 1713/1123/926 891/1124/926 229/1055/926
f 207/1025/927 855/1024/927 1714/1125/927 899/1060/927
f 855/1024/928 206/1017/928 910/1118/928 1714/1125/928
f 1714/1125/929 910/1118/929 221/1122/929 884/1126/929
f 899/1060/930 1714/1125/930 884/1126/930 222/1061/930
f 8/1127/931 1436/1128/931 1715/1129/931 1438/1130/931
f 233/1084/932 925/1131/932 1715/1129/932 1436/1128/932
f 248/1132/933 1438/1130/933 1715/1129/933 925/1131/933
f 227/1108/934 889/1107/934 1716/1133/934 926/1134/934
f 889/1107/935 226/1088/935 927/1135/935 1716/1133/935
f 1716/1133/936 927/1135/936 241/1136/936 918/1137/936
f 926/1134/937 1716/1133/937 918/1137/937 242/1138/937
f 220/1112/938 882/1111/938 1717/1139/938 928/1140/938
f 882/1111/939 219/1095/939 929/1141/939 1717/1139/939
f 1717/1139/940 929/1141/940 234/1142/940 911/1143/940
f 928/1140/941 1717/1139/941 911/1143/941 235/1144/941
f 228/1116/942 890/1115/942 1718/1145/942 930/1146/942
f 890/1115/943 227/1108/943 926/1134/943 1718/1145/943
f 1718/1145/944 926/1134/944 242/1138/944 919/1147/944
f 930/1146/945 1718/1145/945 919/1147/945 243/1148/945
f 221/1122/946 883/1121/946 1719/1149/946 931/1150/946
f 883/1121/947 220/1120/947 928/1151/947 1719/1149/947
f 1719/1149/948 928/1151/948 235/1144/948 912/1152/948
f 931/1150/949 1719/1149/949 912/1152/949 236/1153/949
f 229/1055/950 891/1124/950 1720/1154/950 932/1155/950
f 891/1124/951 228/1116/951 930/1146/951 1720/1154/951
f 1720/1154/952 930/1146/952 243/1148/952 920/1156/952
f 932/1155/953 1720/1154/953 920/1156/953 244/1157/953
f 222/1061/954 884/1126/954 1721/1158/954 933/1159/954
f 884/1126/955 221/1122/955 931/1150/955 1721/1158/955
f 1721/1158/956 931/1150/956 236/1153/956 913/1160/956
f 933/1159/957 1721/1158/957 913/1160/957 237/1161/957
f 230/1057/958 892/1056/958 1722/1162/958 934/1163/958
f 892/1056/959 229/1055/959 932/1155/959 1722/1162/959
f 1722/1162/960 932/1155/960 244/1157/960 921/1164/960
f 934/1163/961 1722/1162/961 921/1164/961 245/1165/961
f 223/1063/962 885/1062/962 1723/1166/962 935/1167/962
f 885/1062/963 222/1061/963 933/1159/963 1723/1166/963
f 1723/1166/964 933/1159/964 237/1161/964 914/1168/964
f 935/1167/965 1723/1166/965 914/1168/965 238/1169/965
f 231/1067/966 893/1066/966 1724/1170/966 936/1171/966
f 893/1066/967 230/1057/967 934/1163/967 1724/1170/967
f 1724/1170/968 934/1163/968 245/1165/968 922/1172/968
f 936/1171/969 1724/1170/969 922/1172/969 246/1173/969
f 224/1071/970 886/1070/970 1725/1174/970 937/1175/970
f 886/1070/971 223/1063/971 935/1167/971 1725/1174/971
f 1725/1174/972 935/1167/972 238/1169/972 915/1176/972
f 937/1175/973 1725/1174/973 915/1176/973 239/1177/973
f 232/1075/974 894/1074/974 1726/1178/974 938/1179/974
f 894/1074/975 231/1067/975 936/1171/975 1726/1178/975
f 1726/1178/976 936/1171/976 246/1173/976 923/1180/976
f 938/1179/977 1726/1178/977 923/1180/977 247/1181/977
f 225/1079/978 887/1078/978 1727/1182/978 939/1183/978
f 887/1078/979 224/1071/979 937/1175/979 1727/1182/979
f 1727/1182/980 937/1175/980 239/1177/980 916/1184/980
f 939/1183/981 1727/1182/981 916/1184/981 240/1185/981
f 233/1084/982 895/1083/982 1728/1186/982 925/1131/982
f 895/1083/983 232/1082/983 938/1187/983 1728/1186/983
f 1728/1186/984 938/1187/984 247/1188/984 924/1189/984
f 925/1131/985 1728/1186/985 924/1189/985 248/1132/985
f 226/1088/986 888/1087/986 1729/1190/986 927/1135/986
f 888/1087/987 225/1079/987 939/1183/987 1729/1190/987
f 1729/1190/988 939/1183/988 240/1185/988 917/1191/988
f 927/1135/989 1729/1190/989 917/1191/989 241/1136/989
f 219/1095/990 1435/1192/990 1730/1193/990 929/1141/990
f 1/1194/991 1437/1195/991 1730/1193/991 1435/1192/991
f 234/1142/992 929/1196/992 1730/1193/992 1437/1195/992
f 246/1173/993 922/1172/993 1731/1197/993 954/1198/993
f 922/1172/994 245/1165/994 955/1199/994 1731/1197/994
f 1731/1197/995 955/1199/995 260/1200/995 951/1201/995
f 954/1198/996 1731/1197/996 951/1201/996 261/1202/996
f 239/1177/997 915/1176/997 1732/1203/997 956/1204/997
f 915/1176/998 238/1169/998 957/1205/998 1732/1203/998
f 1732/1203/999 957/1205/999 253/1206/999 944/1207/999
f 956/1204/1000 1732/1203/1000 944/1207/1000 254/1208/1000
f 247/1181/1001 923/1180/1001 1733/1209/1001 958/1210/1001
f 923/1180/1002 246/1173/1002 954/1198/1002 1733/1209/1002
f 1733/1209/1003 954/1198/1003 261/1202/1003 952/1211/1003
f 958/1210/1004 1733/1209/1004 952/1211/1004 262/1212/1004
f 240/1185/1005 916/1184/1005 1734/1213/1005 959/1214/1005
f 916/1184/1006 239/1177/1006 956/1204/1006 1734/1213/1006
f 1734/1213/1007 956/1204/1007 254/1208/1007 945/1215/1007
f 959/1214/1008 1734/1213/1008 945/1215/1008 255/1216/1008
f 248/1132/1009 924/1189/1009 1735/1217/1009 960/1218/1009
f 924/1189/1010 247/1188/1010 958/1210/1010 1735/1217/1010
f 1735/1217/1011 958/1210/1011 262/1219/1011 953/1220/1011
f 960/1218/1012 1735/1217/1012 953/1220/1012 263/1221/1012
f 241/1136/1013 917/1191/1013 1736/1222/1013 961/1223/1013
f 917/1191/1014 240/1185/1014 959/1214/1014 1736/1222/1014
f 1736/1222/1015 959/1214/1015 255/1216/1015 946/1224/1015
f 961/1223/1016 1736/1222/1016 946/1224/1016 256/1225/1016
f 234/1142/1017 1437/1226/1017 1737/1227/1017 962/1228/1017
f 1/1229/1018 1439/1230/1018 1737/1227/1018 1437/1226/1018
f 249/1231/1019 962/1232/1019 1737/1227/1019 1439/1230/1019
f 8/1233/1020 1438/1234/1020 1738/1235/1020 1440/1236/1020
f 248/1132/1021 960/1237/1021 1738/1235/1021 1438/1234/1021
f 263/1221/1022 1440/1236/1022 1738/1235/1022 960/1238/1022
f 242/1138/1023 918/1137/1023 1739/1239/1023 963/1240/1023
f 918/1137/1024 241/1136/1024 961/1223/1024 1739/1239/1024
f 1739/1239/1025 961/1223/1025 256/1225/1025 947/1241/1025
f 963/1240/1026 1739/1239/1026 947/1241/1026 257/1242/1026
f 235/1144/1027 911/1143/1027 1740/1243/1027 964/1244/1027
f 911/1143/1028 234/1142/1028 962/1228/1028 1740/1243/1028
f 1740/1243/1029 962/1228/1029 249/1231/1029 940/1245/1029
f 964/1244/1030 1740/1243/1030 940/1245/1030 250/1246/1030
f 243/1148/1031 919/1147/1031 1741/1247/1031 965/1248/1031
f 919/1147/1032 242/1138/1032 963/1240/1032 1741/1247/1032
f 1741/1247/1033 963/1240/1033 257/1242/1033 948/1249/1033
f 965/1248/1034 1741/1247/1034 948/1249/1034 258/1250/1034
f 236/1153/1035 912/1152/1035 1742/1251/1035 966/1252/1035
f 912/1152/1036 235/1144/1036 964/1253/1036 1742/1251/1036
f 1742/1251/1037 964/1253/1037 250/1254/1037 941/1255/1037
f 966/1252/1038 1742/1251/1038 941/1255/1038 251/1256/1038
f 244/1157/1039 920/1156/1039 1743/1257/1039 967/1258/1039
f 920/1156/1040 243/1148/1040 965/1248/1040 1743/1257/1040
f 1743/1257/1041 965/1248/1041 258/1250/1041 949/1259/1041
f 967/1258/1042 1743/1257/1042 949/1259/1042 259/1260/1042
f 237/1161/1043 913/1160/1043 1744/1261/1043 968/1262/1043
f 913/1160/1044 236/1153/1044 966/1252/1044 1744/1261/1044
f 1744/1261/1045 966/1252/1045 251/1256/1045 942/1263/1045
f 968/1262/1046 1744/1261/1046 942/1263/1046 252/1264/1046
f 245/1165/1047 921/1164/1047 1745/1265/1047 955/1199/1047
f 921/1164/1048 244/1157/1048 967/1258/1048 1745/1265/1048
f 1745/1265/1049 967/1258/1049 259/1260/1049 950/1266/1049
f 955/1199/1050 1745/1265/1050 950/1266/1050 260/1200/1050
f 238/1169/1051 914/1168/1051 1746/1267/1051 957/1205/1051
f 914/1168/1052 237/1161/1052 968/1262/1052 1746/1267/1052
f 1746/1267/1053 968/1262/1053 252/1264/1053 943/1268/1053
f 957/1205/1054 1746/1267/1054 943/1268/1054 253/1206/1054
f 250/1246/1055 940/1245/1055 1747/1269/1055 983/1270/1055
f 940/1245/1056 249/1231/1056 984/1271/1056 1747/1269/1056
f 1747/1269/1057 984/1271/1057 264/1272/1057 969/1273/1057
f 983/1270/1058 1747/1269/1058 969/1273/1058 265/1274/1058
f 258/1250/1059 948/1249/1059 1748/1275/1059 985/1276/1059
f 948/1249/1060 257/1242/1060 986/1277/1060 1748/1275/1060
f 1748/1275/1061 986/1277/1061 272/1278/1061 977/1279/1061
f 985/1276/1062 1748/1275/1062 977/1279/1062 273/1280/1062
f 251/1256/1063 941/1255/1063 1749/1281/1063 987/1282/1063
f 941/1255/1064 250/1254/1064 983/1283/1064 1749/1281/1064
f 1749/1281/1065 983/1283/1065 265/1284/1065 970/1285/1065
f 987/1282/1066 1749/1281/1066 970/1285/1066 266/1286/1066
f 259/1260/1067 949/1259/1067 1750/1287/1067 988/1288/1067
f 949/1259/1068 258/1250/1068 985/1276/1068 1750/1287/1068
f 1750/1287/1069 985/1276/1069 273/1280/1069 978/1289/1069
f 988/1288/1070 1750/1287/1070 978/1289/1070 274/1290/1070
f 252/1264/1071 942/1263/1071 1751/1291/1071 989/1292/1071
f 942/1263/1072 251/1256/1072 987/1282/1072 1751/1291/1072
f 1751/1291/1073 987/1282/1073 266/1286/1073 971/1293/1073
f 989/1292/1074 1751/1291/1074 971/1293/1074 267/1294/1074
f 260/1200/1075 950/1266/1075 1752/1295/1075 990/1296/1075
f 950/1266/1076 259/1260/1076 988/1288/1076 1752/1295/1076
f 1752/1295/1077 988/1288/1077 274/1290/1077 979/1297/1077
f 990/1296/1078 1752/1295/1078 979/1297/1078 275/1298/1078
f 253/1206/1079 943/1268/1079 1753/1299/1079 991/1300/1079
f 943/1268/1080 252/1264/1080 989/1292/1080 1753/1299/1080
f 1753/1299/1081 989/1292/1081 267/1294/1081 972/1301/1081
f 991/1300/1082 1753/1299/1082 972/1301/1082 268/1302/1082
f 261/1202/1083 951/1201/1083 1754/1303/1083 992/1304/1083
f 951/1201/1084 260/1200/1084 990/1296/1084 1754/1303/1084
f 1754/1303/1085 990/1296/1085 275/1298/1085 980/1305/1085
f 992/1304/1086 1754/1303/1086 980/1305/1086 276/1306/1086
f 254/1208/1087 944/1207/1087 1755/1307/1087 993/1308/1087
f 944/1207/1088 253/1206/1088 991/1300/1088 1755/1307/1088
f 1755/1307/1089 991/1300/1089 268/1302/1089 973/1309/1089
f 993/1308/1090 1755/1307/1090 973/1309/1090 269/1310/1090
f 262/1212/1091 952/1211/1091 1756/1311/1091 994/1312/1091
f 952/1211/1092 261/1202/1092 992/1304/1092 1756/1311/1092
f 1756/1311/1093 992/1304/1093 276/1306/1093 981/1313/1093
f 994/1312/1094 1756/1311/1094 981/1313/1094 277/1314/1094
f 255/1216/1095 945/1215/1095 1757/1315/1095 995/1316/1095
f 945/1215/1096 254/1208/1096 993/1308/1096 1757/1315/1096
f 1757/1315/1097 993/1308/1097 269/1310/1097 974/1317/1097
f 995/1316/1098 1757/1315/1098 974/1317/1098 270/1318/1098
f 263/1221/1099 953/1220/1099 1758/1319/1099 996/1320/1099
f 953/1220/1100 262/1219/1100 994/1321/1100 1758/1319/1100
f 1758/1319/1101 994/1321/1101 277/1322/1101 982/1323/1101
f 996/1320/1102 1758/1319/1102 982/1323/1102 278/1324/1102
f 256/1225/1103 946/1224/1103 1759/1325/1103 997/1326/1103
f 946/1224/1104 255/1216/1104 995/1316/1104 1759/1325/1104
f 1759/1325/1105 995/1316/1105 270/1318/1105 975/1327/1105
f 997/1326/1106 1759/1325/1106 975/1327/1106 271/1328/1106
f 249/1231/1107 1439/1329/1107 1760/1330/1107 984/1271/1107
f 1/1331/1108 1441/1332/1108 1760/1330/1108 1439/1333/1108
f 264/1272/1109 984/1334/1109 1760/1330/1109 1441/1332/1109
f 8/1335/1110 1440/1336/1110 1761/1337/1110 1442/1338/1110
f 263/1221/1111 996/1320/1111 1761/1337/1111 1440/1339/1111
f 278/1324/1112 1442/1338/1112 1761/1337/1112 996/1340/1112
f 257/1242/1113 947/1241/1113 1762/1341/1113 986/1277/1113
f 947/1241/1114 256/1225/1114 997/1326/1114 1762/1341/1114
f 1762/1341/1115 997/1326/1115 271/1328/1115 976/1342/1115
f 986/1277/1116 1762/1341/1116 976/1342/1116 272/1278/1116
f 269/1310/1117 973/1309/1117 1763/1343/1117 1012/1344/1117
f 973/1309/1118 268/1302/1118 1013/1345/1118 1763/1343/1118
f 1763/1343/1119 1013/1345/1119 283/1346/1119 1002/1347/1119
f 1012/1344/1120 1763/1343/1120 1002/1347/1120 284/1348/1120
f 277/1314/1121 981/1313/1121 1764/1349/1121 1014/1350/1121
f 981/1313/1122 276/1306/1122 1015/1351/1122 1764/1349/1122
f 1764/1349/1123 1015/1351/1123 291/1352/1123 1010/1353/1123
f 1014/1350/1124 1764/1349/1124 1010/1353/1124 292/1354/1124
f 270/1318/1125 974/1317/1125 1765/1355/1125 1016/1356/1125
f 974/1317/1126 269/1310/1126 1012/1344/1126 1765/1355/1126
f 1765/1355/1127 1012/1344/1127 284/1348/1127 1003/1357/1127
f 1016/1356/1128 1765/1355/1128 1003/1357/1128 285/1358/1128
f 278/1324/1129 982/1323/1129 1766/1359/1129 1017/1360/1129
f 982/1323/1130 277/1322/1130 1014/1361/1130 1766/1359/1130
f 1766/1359/1131 1014/1361/1131 292/1362/1131 1011/1363/1131
f 1017/1360/1132 1766/1359/1132 1011/1363/1132 293/1364/1132
f 271/1328/1133 975/1327/1133 1767/1365/1133 1018/1366/1133
f 975/1327/1134 270/1318/1134 1016/1356/1134 1767/1365/1134
f 1767/1365/1135 1016/1356/1135 285/1358/1135 1004/1367/1135
f 1018/1366/1136 1767/1365/1136 1004/1367/1136 286/1368/1136
f 264/1272/1137 1441/1369/1137 1768/1370/1137 1019/1371/1137
f 1/1372/1138 1443/1373/1138 1768/1370/1138 1441/1369/1138
f 279/1374/1139 1019/1375/1139 1768/1370/1139 1443/1373/1139
f 8/1376/1140 1442/1377/1140 1769/1378/1140 1444/1379/1140
f 278/1324/1141 1017/1380/1141 1769/1378/1141 1442/1377/1141
f 293/1364/1142 1444/1379/1142 1769/1378/1142 1017/1380/1142
f 272/1278/1143 976/1342/1143 1770/1381/1143 1020/1382/1143
f 976/1342/1144 271/1328/1144 1018/1366/1144 1770/1381/1144
f 1770/1381/1145 1018/1366/1145 286/1368/1145 1005/1383/1145
f 1020/1382/1146 1770/1381/1146 1005/1383/1146 287/1384/1146
f 265/1274/1147 969/1273/1147 1771/1385/1147 1021/1386/1147
f 969/1273/1148 264/1272/1148 1019/1371/1148 1771/1385/1148
f 1771/1385/1149 1019/1371/1149 279/1374/1149 998/1387/1149
f 1021/1386/1150 1771/1385/1150 998/1387/1150 280/1388/1150
f 273/1280/1151 977/1279/1151 1772/1389/1151 1022/1390/1151
f 977/1279/1152 272/1278/1152 1020/1382/1152 1772/1389/1152
f 1772/1389/1153 1020/1382/1153 287/1384/1153 1006/1391/1153
f 1022/1390/1154 1772/1389/1154 1006/1391/1154 288/1392/1154
f 266/1286/1155 970/1285/1155 1773/1393/1155 1023/1394/1155
f 970/1285/1156 265/1284/1156 1021/1395/1156 1773/1393/1156
f 1773/1393/1157 1021/1395/1157 280/1396/1157 999/1397/1157
f 1023/1394/1158 1773/1393/1158 999/1397/1158 281/1398/1158
f 274/1290/1159 978/1289/1159 1774/1399/1159 1024/1400/1159
f 978/1289/1160 273/1280/1160 1022/1390/1160 1774/1399/1160
f 1774/1399/1161 1022/1390/1161 288/1392/1161 1007/1401/1161
f 1024/1400/1162 1774/1399/1162 1007/1401/1162 289/1402/1162
f 267/1294/1163 971/1293/1163 1775/1403/1163 1025/1404/1163
f 971/1293/1164 266/1286/1164 1023/1394/1164 1775/1403/1164
f 1775/1403/1165 1023/1394/1165 281/1398/1165 1000/1405/1165
f 1025/1404/1166 1775/1403/1166 1000/1405/1166 282/1406/1166
f 275/1298/1167 979/1297/1167 1776/1407/1167 1026/1408/1167
f 979/1297/1168 274/1290/1168 1024/1400/1168 1776/1407/1168
f 1776/1407/1169 1024/1400/1169 289/1402/1169 1008/1409/1169
f 1026/1408/1170 1776/1407/1170 1008/1409/1170 290/1410/1170
f 268/1302/1171 972/1301/1171 1777/1411/1171 1013/1345/1171
f 972/1301/1172 267/1294/1172 1025/1404/1172 1777/1411/1172
f 1777/1411/1173 1025/1404/1173 282/1406/1173 1001/1412/1173
f 1013/1345/1174 1777/1411/1174 1001/1412/1174 283/1346/1174
f 276/1306/1175 980/1305/1175 1778/1413/1175 1015/1351/1175
f 980/1305/1176 275/1298/1176 1026/1408/1176 1778/1413/1176
f 1778/1413/1177 1026/1408/1177 290/1410/1177 1009/1414/1177
f 1015/1351/1178 1778/1413/1178 1009/1414/1178 291/1352/1178
f 288/1392/1179 1006/1391/1179 1779/1415/1179 1041/1416/1179
f 1006/1391/1180 287/1384/1180 1042/1417/1180 1779/1415/1180
f 1779/1415/1181 1042/1417/1181 302/1418/1181 1035/1419/1181
f 1041/1416/1182 1779/1415/1182 1035/1419/1182 303/1420/1182
f 281/1398/1183 999/1397/1183 1780/1421/1183 1043/1422/1183
f 999/1397/1184 280/1396/1184 1044/1423/1184 1780/1421/1184
f 1780/1421/1185 1044/1423/1185 295/1424/1185 1028/1425/1185
f 1043/1422/1186 1780/1421/1186 1028/1425/1186 296/1426/1186
f 289/1402/1187 1007/1401/1187 1781/1427/1187 1045/1428/1187
f 1007/1401/1188 288/1392/1188 1041/1416/1188 1781/1427/1188
f 1781/1427/1189 1041/1416/1189 303/1420/1189 1036/1429/1189
f 1045/1428/1190 1781/1427/1190 1036/1429/1190 304/1430/1190
f 282/1406/1191 1000/1405/1191 1782/1431/1191 1046/1432/1191
f 1000/1405/1192 281/1398/1192 1043/1422/1192 1782/1431/1192
f 1782/1431/1193 1043/1422/1193 296/1426/1193 1029/1433/1193
f 1046/1432/1194 1782/1431/1194 1029/1433/1194 297/1434/1194
f 290/1410/1195 1008/1409/1195 1783/1435/1195 1047/1436/1195
f 1008/1409/1196 289/1402/1196 1045/1428/1196 1783/1435/1196
f 1783/1435/1197 1045/1428/1197 304/1430/1197 1037/1437/1197
f 1047/1436/1198 1783/1435/1198 1037/1437/1198 305/1438/1198
f 283/1346/1199 1001/1412/1199 1784/1439/1199 1048/1440/1199
f 1001/1412/1200 282/1406/1200 1046/1432/1200 1784/1439/1200
f 1784/1439/1201 1046/1432/1201 297/1434/1201 1030/1441/1201
f 1048/1440/1202 1784/1439/1202 1030/1441/1202 298/1442/1202
f 291/1352/1203 1009/1414/1203 1785/1443/1203 1049/1444/1203
f 1009/1414/1204 290/1410/1204 1047/1436/1204 1785/1443/1204
f 1785/1443/1205 1047/1436/1205 305/1438/1205 1038/1445/1205
f 1049/1444/1206 1785/1443/1206 1038/1445/1206 306/1446/1206
f 284/1348/1207 1002/1347/1207 1786/1447/1207 1050/1448/1207
f 1002/1347/1208 283/1346/1208 1048/1440/1208 1786/1447/1208
f 1786/1447/1209 1048/1440/1209 298/1442/1209 1031/1449/1209
f 1050/1448/1210 1786/1447/1210 1031/1449/1210 299/1450/1210
f 292/1354/1211 1010/1353/1211 1787/1451/1211 1051/1452/1211
f 1010/1353/1212 291/1352/1212 1049/1444/1212 1787/1451/1212
f 1787/1451/1213 1049/1444/1213 306/1446/1213 1039/1453/1213
f 1051/1452/1214 1787/1451/1214 1039/1453/1214 307/1454/1214
f 285/1358/1215 1003/1357/1215 1788/1455/1215 1052/1456/1215
f 1003/1357/1216 284/1348/1216 1050/1448/1216 1788/1455/1216
f 1788/1455/1217 1050/1448/1217 299/1450/1217 1032/1457/1217
f 1052/1456/1218 1788/1455/1218 1032/1457/1218 300/1458/1218
f 293/1364/1219 1011/1363/1219 1789/1459/1219 1053/1460/1219
f 1011/1363/1220 292/1362/1220 1051/1461/1220 1789/1459/1220
f 1789/1459/1221 1051/1461/1221 307/1462/1221 1040/1463/1221
f 1053/1460/1222 1789/1459/1222 1040/1463/1222 308/1464/1222
f 286/1368/1223 1004/1367/1223 1790/1465/1223 1054/1466/1223
f 1004/1367/1224 285/1358/1224 1052/1456/1224 1790/1465/1224
f 1790/1465/1225 1052/1456/1225 300/1458/1225 1033/1467/1225
f 1054/1466/1226 1790/1465/1226 1033/1467/1226 301/1468/1226
f 279/1374/1227 1443/1469/1227 1791/1470/1227 1055/1471/1227
f 1/1472/1228 1445/1473/1228 1791/1470/1228 1443/1474/1228
f 294/1475/1229 1055/1476/1229 1791/1470/1229 1445/1473/1229
f 8/1477/1230 1444/1478/1230 1792/1479/1230 1446/1480/1230
f 293/1364/1231 1053/1460/1231 1792/1479/1231 1444/1481/1231
f 308/1464/1232 1446/1480/1232 1792/1479/1232 1053/1482/1232
f 287/1384/1233 1005/1383/1233 1793/1483/1233 1042/1417/1233
f 1005/1383/1234 286/1368/1234 1054/1466/1234 1793/1483/1234
f 1793/1483/1235 1054/1466/1235 301/1468/1235 1034/1484/1235
f 1042/1417/1236 1793/1483/1236 1034/1484/1236 302/1418/1236
f 280/1388/1237 998/1387/1237 1794/1485/1237 1044/1486/1237
f 998/1387/1238 279/1374/1238 1055/1471/1238 1794/1485/1238
f 1794/1485/1239 1055/1471/1239 294/1475/1239 1027/1487/1239
f 1044/1486/1240 1794/1485/1240 1027/1487/1240 295/1488/1240
f 307/1454/1241 1039/1453/1241 1795/1489/1241 1070/1490/1241
f 1039/1453/1242 306/1446/1242 1071/1491/1242 1795/1489/1242
f 1795/1489/1243 1071/1491/1243 321/1492/1243 1068/1493/1243
f 1070/1490/1244 1795/1489/1244 1068/1493/1244 322/1494/1244
f 300/1458/1245 1032/1457/1245 1796/1495/1245 1072/1496/1245
f 1032/1457/1246 299/1450/1246 1073/1497/1246 1796/1495/1246
f 1796/1495/1247 1073/1497/1247 314/1498/1247 1061/1499/1247
f 1072/1496/1248 1796/1495/1248 1061/1499/1248 315/1500/1248
f 308/1464/1249 1040/1463/1249 1797/1501/1249 1074/1502/1249
f 1040/1463/1250 307/1462/1250 1070/1503/1250 1797/1501/1250
f 1797/1501/1251 1070/1503/1251 322/1494/1251 1069/1504/1251
f 1074/1502/1252 1797/1501/1252 1069/1504/1252 323/1505/1252
f 301/1468/1253 1033/1467/1253 1798/1506/1253 1075/1507/1253
f 1033/1467/1254 300/1458/1254 1072/1496/1254 1798/1506/1254
f 1798/1506/1255 1072/1496/1255 315/1500/1255 1062/1508/1255
f 1075/1507/1256 1798/1506/1256 1062/1508/1256 316/1509/1256
f 294/1475/1257 1445/1510/1257 1799/1511/1257 1076/1512/1257
f 1/1513/1258 1447/1514/1258 1799/1511/1258 1445/1510/1258
f 309/1515/1259 1076/1516/1259 1799/1511/1259 1447/1514/1259
f 8/1517/1260 1446/1518/1260 1800/1519/1260 1448/1520/1260
f 308/1464/1261 1074/1521/1261 1800/1519/1261 1446/1518/1261
f 323/1505/1262 1448/1520/1262 1800/1519/1262 1074/1521/1262
f 302/1418/1263 1034/1484/1263 1801/1522/1263 1077/1523/1263
f 1034/1484/1264 301/1468/1264 1075/1507/1264 1801/1522/1264
f 1801/1522/1265 1075/1507/1265 316/1509/1265 1063/1524/1265
f 1077/1523/1266 1801/1522/1266 1063/1524/1266 317/1525/1266
f 295/1488/1267 1027/1487/1267 1802/1526/1267 1078/1527/1267
f 1027/1487/1268 294/1475/1268 1076/1512/1268 1802/1526/1268
f 1802/1526/1269 1076/1512/1269 309/1515/1269 1056/1528/1269
f 1078/1527/1270 1802/1526/1270 1056/1528/1270 310/1529/1270
f 303/1420/1271 1035/1419/1271 1803/1530/1271 1079/1531/1271
f 1035/1419/1272 302/1418/1272 1077/1523/1272 1803/1530/1272
f 1803/1530/1273 1077/1523/1273 317/1525/1273 1064/1532/1273
f 1079/1531/1274 1803/1530/1274 1064/1532/1274 318/1533/1274
f 296/1426/1275 1028/1425/1275 1804/1534/1275 1080/1535/1275
f 1028/1425/1276 295/1424/1276 1078/1536/1276 1804/1534/1276
f 1804/1534/1277 1078/1536/1277 310/1537/1277 1057/1538/1277
f 1080/1535/1278 1804/1534/1278 1057/1538/1278 311/1539/1278
f 304/1430/1279 1036/1429/1279 1805/1540/1279 1081/1541/1279
f 1036/1429/1280 303/1420/1280 1079/1531/1280 1805/1540/1280
f 1805/1540/1281 1079/1531/1281 318/1533/1281 1065/1542/1281
f 1081/1541/1282 1805/1540/1282 1065/1542/1282 319/1543/1282
f 297/1434/1283 1029/1433/1283 1806/1544/1283 1082/1545/1283
f 1029/1433/1284 296/1426/1284 1080/1535/1284 1806/1544/1284
f 1806/1544/1285 1080/1535/1285 311/1539/1285 1058/1546/1285
f 1082/1545/1286 1806/1544/1286 1058/1546/1286 312/1547/1286
f 305/1438/1287 1037/1437/1287 1807/1548/1287 1083/1549/1287
f 1037/1437/1288 304/1430/1288 1081/1541/1288 1807/1548/1288
f 1807/1548/1289 1081/1541/1289 319/1543/1289 1066/1550/1289
f 1083/1549/1290 1807/1548/1290 1066/1550/1290 320/1551/1290
f 298/1442/1291 1030/1441/1291 1808/1552/1291 1084/1553/1291
f 1030/1441/1292 297/1434/1292 1082/1545/1292 1808/1552/1292
f 1808/1552/1293 1082/1545/1293 312/1547/1293 1059/1554/1293
f 1084/1553/1294 1808/1552/1294 1059/1554/1294 313/1555/1294
f 306/1446/1295 1038/1445/1295 1809/1556/1295 1071/1491/1295
f 1038/1445/1296 305/1438/1296 1083/1549/1296 1809/1556/1296
f 1809/1556/1297 1083/1549/1297 320/1551/1297 1067/1557/1297
f 1071/1491/1298 1809/1556/1298 1067/1557/1298 321/1492/1298
f 299/1450/1299 1031/1449/1299 1810/1558/1299 1073/1497/1299
f 1031/1449/1300 298/1442/1300 1084/1553/1300 1810/1558/1300
f 1810/1558/1301 1084/1553/1301 313/1555/1301 1060/1559/1301
f 1073/1497/1302 1810/1558/1302 1060/1559/1302 314/1498/1302
f 311/1539/1303 1057/1538/1303 1811/1560/1303 1099/1561/1303
f 1057/1538/1304 310/1537/1304 1100/1562/1304 1811/1560/1304
f 1811/1560/1305 1100/1562/1305 325/1563/1305 1086/1564/1305
f 1099/1561/1306 1811/1560/1306 1086/1564/1306 326/1565/1306
f 319/1543/1307 1065/1542/1307 1812/1566/1307 1101/1567/1307
f 1065/1542/1308 318/1533/1308 1102/1568/1308 1812/1566/1308
f 1812/1566/1309 1102/1568/1309 333/1569/1309 1094/1570/1309
f 1101/1567/1310 1812/1566/1310 1094/1570/1310 334/1571/1310
f 312/1547/1311 1058/1546/1311 1813/1572/1311 1103/1573/1311
f 1058/1546/1312 311/1539/1312 1099/1561/1312 1813/1572/1312
f 1813/1572/1313 1099/1561/1313 326/1565/1313 1087/1574/1313
f 1103/1573/1314 1813/1572/1314 1087/1574/1314 327/1575/1314
f 320/1551/1315 1066/1550/1315 1814/1576/1315 1104/1577/1315
f 1066/1550/1316 319/1543/1316 1101/1567/1316 1814/1576/1316
f 1814/1576/1317 1101/1567/1317 334/1571/1317 1095/1578/1317
f 1104/1577/1318 1814/1576/1318 1095/1578/1318 335/1579/1318
f 313/1555/1319 1059/1554/1319 1815/1580/1319 1105/1581/1319
f 1059/1554/1320 312/1547/1320 1103/1573/1320 1815/1580/1320
f 1815/1580/1321 1103/1573/1321 327/1575/1321 1088/1582/1321
f 1105/1581/1322 1815/1580/1322 1088/1582/1322 328/1583/1322
f 321/1492/1323 1067/1557/1323 1816/1584/1323 1106/1585/1323
f 1067/1557/1324 320/1551/1324 1104/1577/1324 1816/1584/1324
f 1816/1584/1325 1104/1577/1325 335/1579/1325 1096/1586/1325
f 1106/1585/1326 1816/1584/1326 1096/1586/1326 336/1587/1326
f 314/1498/1327 1060/1559/1327 1817/1588/1327 1107/1589/1327
f 1060/1559/1328 313/1555/1328 1105/1581/1328 1817/1588/1328
f 1817/1588/1329 1105/1581/1329 328/1583/1329 1089/1590/1329
f 1107/1589/1330 1817/1588/1330 1089/1590/1330 329/1591/1330
f 322/1494/1331 1068/1493/1331 1818/1592/1331 1108/1593/1331
f 1068/1493/1332 321/1492/1332 1106/1585/1332 1818/1592/1332
f 1818/1592/1333 1106/1585/1333 336/1587/1333 1097/1594/1333
f 1108/1593/1334 1818/1592/1334 1097/1594/1334 337/1595/1334
f 315/1500/1335 1061/1499/1335 1819/1596/1335 1109/1597/1335
f 1061/1499/1336 314/1498/1336 1107/1589/1336 1819/1596/1336
f 1819/1596/1337 1107/1589/1337 329/1591/1337 1090/1598/1337
f 1109/1597/1338 1819/1596/1338 1090/1598/1338 330/1599/1338
f 323/1505/1339 1069/1504/1339 1820/1600/1339 1110/1601/1339
f 1069/1504/1340 322/1494/1340 1108/1602/1340 1820/1600/1340
f 1820/1600/1341 1108/1602/1341 337/1595/1341 1098/1603/1341
f 1110/1601/1342 1820/1600/1342 1098/1603/1342 338/1604/1342
f 316/1509/1343 1062/1508/1343 1821/1605/1343 1111/1606/1343
f 1062/1508/1344 315/1500/1344 1109/1597/1344 1821/1605/1344
f 1821/1605/1345 1109/1597/1345 330/1599/1345 1091/1607/1345
f 1111/1606/1346 1821/1605/1346 1091/1607/1346 331/1608/1346
f 309/1515/1347 1447/1609/1347 1822/1610/1347 1112/1611/1347
f 1/1612/1348 1449/1613/1348 1822/1610/1348 1447/1609/1348
f 324/1614/1349 1112/1615/1349 1822/1610/1349 1449/1616/1349
f 8/1617/1350 1448/1618/1350 1823/1619/1350 1450/1620/1350
f 323/1505/1351 1110/1621/1351 1823/1619/1351 1448/1618/1351
f 338/1604/1352 1450/1622/1352 1823/1619/1352 1110/1623/1352
f 317/1525/1353 1063/1524/1353 1824/1624/1353 1113/1625/1353
f 1063/1524/1354 316/1509/1354 1111/1606/1354 1824/1624/1354
f 1824/1624/1355 1111/1606/1355 331/1608/1355 1092/1626/1355
f 1113/1625/1356 1824/1624/1356 1092/1626/1356 332/1627/1356
f 310/1529/1357 1056/1528/1357 1825/1628/1357 1100/1629/1357
f 1056/1528/1358 309/1515/1358 1112/1611/1358 1825/1628/1358
f 1825/1628/1359 1112/1611/1359 324/1614/1359 1085/1630/1359
f 1100/1629/1360 1825/1628/1360 1085/1630/1360 325/1631/1360
f 318/1533/1361 1064/1532/1361 1826/1632/1361 1102/1568/1361
f 1064/1532/1362 317/1525/1362 1113/1625/1362 1826/1632/1362
f 1826/1632/1363 1113/1625/1363 332/1627/1363 1093/1633/1363
f 1102/1568/1364 1826/1632/1364 1093/1633/1364 333/1569/1364
f 330/1599/1365 1090/1598/1365 1827/1634/1365 1128/1635/1365
f 1090/1598/1366 329/1591/1366 1129/1636/1366 1827/1634/1366
f 1827/1634/1367 1129/1636/1367 344/1637/1367 1119/1638/1367
f 1128/1635/1368 1827/1634/1368 1119/1638/1368 345/1639/1368
f 338/1604/1369 1098/1603/1369 1828/1640/1369 1130/1641/1369
f 1098/1603/1370 337/1595/1370 1131/1642/1370 1828/1640/1370
f 1828/1640/1371 1131/1642/1371 352/1643/1371 1127/1644/1371
f 1130/1641/1372 1828/1640/1372 1127/1644/1372 353/1645/1372
f 331/1608/1373 1091/1607/1373 1829/1646/1373 1132/1647/1373
f 1091/1607/1374 330/1599/1374 1128/1635/1374 1829/1646/1374
f 1829/1646/1375 1128/1635/1375 345/1639/1375 1120/1648/1375
f 1132/1647/1376 1829/1646/1376 1120/1648/1376 346/1649/1376
f 324/1614/1377 1449/1650/1377 1830/1651/1377 1133/1652/1377
f 1/1653/1378 1451/1654/1378 1830/1651/1378 1449/1650/1378
f 339/1655/1379 1133/1656/1379 1830/1651/1379 1451/1654/1379
f 8/1657/1380 1450/1658/1380 1831/1659/1380 1452/1660/1380
f 338/1604/1381 1130/1641/1381 1831/1659/1381 1450/1658/1381
f 353/1645/1382 1452/1660/1382 1831/1659/1382 1130/1641/1382
f 332/1627/1383 1092/1626/1383 1832/1661/1383 1134/1662/1383
f 1092/1626/1384 331/1608/1384 1132/1647/1384 1832/1661/1384
f 1832/1661/1385 1132/1647/1385 346/1649/1385 1121/1663/1385
f 1134/1662/1386 1832/1661/1386 1121/1663/1386 347/1664/1386
f 325/1631/1387 1085/1630/1387 1833/1665/1387 1135/1666/1387
f 1085/1630/1388 324/1614/1388 1133/1652/1388 1833/1665/1388
f 1833/1665/1389 1133/1652/1389 339/1655/1389 1114/1667/1389
f 1135/1666/1390 1833/1665/1390 1114/1667/1390 340/1668/1390
f 333/1569/1391 1093/1633/1391 1834/1669/1391 1136/1670/1391
f 1093/1633/1392 332/1627/1392 1134/1662/1392 1834/1669/1392
f 1834/1669/1393 1134/1662/1393 347/1664/1393 1122/1671/1393
f 1136/1670/1394 1834/1669/1394 1122/1671/1394 348/1672/1394
f 326/1565/1395 1086/1564/1395 1835/1673/1395 1137/1674/1395
f 1086/1564/1396 325/1563/1396 1135/1666/1396 1835/1673/1396
f 1835/1673/1397 1135/1666/1397 340/1675/1397 1115/1676/1397
f 1137/1674/1398 1835/1673/1398 1115/1676/1398 341/1677/1398
f 334/1571/1399 1094/1570/1399 1836/1678/1399 1138/1679/1399
f 1094/1570/1400 333/1569/1400 1136/1670/1400 1836/1678/1400
f 1836/1678/1401 1136/1670/1401 348/1672/1401 1123/1680/1401
f 1138/1679/1402 1836/1678/1402 1123/1680/1402 349/1681/1402
f 327/1575/1403 1087/1574/1403 1837/1682/1403 1139/1683/1403
f 1087/1574/1404 326/1565/1404 1137/1674/1404 1837/1682/1404
f 1837/1682/1405 1137/1674/1405 341/1677/1405 1116/1684/1405
f 1139/1683/1406 1837/1682/1406 1116/1684/1406 342/1685/1406
f 335/1579/1407 1095/1578/1407 1838/1686/1407 1140/1687/1407
f 1095/1578/1408 334/1571/1408 1138/1679/1408 1838/1686/1408
f 1838/1686/1409 1138/1679/1409 349/1681/1409 1124/1688/1409
f 1140/1687/1410 1838/1686/1410 1124/1688/1410 350/1689/1410
f 328/1583/1411 1088/1582/1411 1839/1690/1411 1141/1691/1411
f 1088/1582/1412 327/1575/1412 1139/1683/1412 1839/1690/1412
f 1839/1690/1413 1139/1683/1413 342/1685/1413 1117/1692/1413
f 1141/1691/1414 1839/1690/1414 1117/1692/1414 343/1693/1414
f 336/1587/1415 1096/1586/1415 1840/1694/1415 1142/1695/1415
f 1096/1586/1416 335/1579/1416 1140/1687/1416 1840/1694/1416
f 1840/1694/1417 1140/1687/1417 350/1689/1417 1125/1696/1417
f 1142/1695/1418 1840/1694/1418 1125/1696/1418 351/1697/1418
f 329/1591/1419 1089/1590/1419 1841/1698/1419 1129/1636/1419
f 1089/1590/1420 328/1583/1420 1141/1691/1420 1841/1698/1420
f 1841/1698/1421 1141/1691/1421 343/1693/1421 1118/1699/1421
f 1129/1636/1422 1841/1698/1422 1118/1699/1422 344/1637/1422
f 337/1595/1423 1097/1594/1423 1842/1700/1423 1131/1701/1423
f 1097/1594/1424 336/1587/1424 1142/1695/1424 1842/1700/1424
f 1842/1700/1425 1142/1695/1425 351/1697/1425 1126/1702/1425
f 1131/1701/1426 1842/1700/1426 1126/1702/1426 352/1703/1426
f 349/1704/1427 1123/1680/1427 1843/1705/1427 1157/1706/1427
f 1123/1680/1428 348/1672/1428 1158/1707/1428 1843/1705/1428
f 1843/1705/1429 1158/1707/1429 363/1708/1429 1152/1709/1429
f 1157/1706/1430 1843/1705/1430 1152/1709/1430 364/1710/1430
f 342/1685/1431 1116/1711/1431 1844/1712/1431 1159/1713/1431
f 1116/1711/1432 341/1714/1432 1160/1715/1432 1844/1712/1432
f 1844/1712/1433 1160/1715/1433 356/1716/1433 1145/1717/1433
f 1159/1713/1434 1844/1712/1434 1145/1717/1434 357/1718/1434
f 350/1719/1435 1124/1720/1435 1845/1721/1435 1161/1722/1435
f 1124/1720/1436 349/1704/1436 1157/1706/1436 1845/1721/1436
f 1845/1721/1437 1157/1706/1437 364/1710/1437 1153/1723/1437
f 1161/1722/1438 1845/1721/1438 1153/1723/1438 365/1724/1438
f 343/1725/1439 1117/1692/1439 1846/1726/1439 1162/1727/1439
f 1117/1692/1440 342/1685/1440 1159/1713/1440 1846/1726/1440
f 1846/1726/1441 1159/1713/1441 357/1718/1441 1146/1728/1441
f 1162/1727/1442 1846/1726/1442 1146/1728/1442 358/1729/1442
f 351/1730/1443 1125/1696/1443 1847/1731/1443 1163/1732/1443
f 1125/1696/1444 350/1719/1444 1161/1722/1444 1847/1731/1444
f 1847/1731/1445 1161/1722/1445 365/1724/1445 1154/1733/1445
f 1163/1732/1446 1847/1731/1446 1154/1733/1446 366/1734/1446
f 344/1735/1447 1118/1736/1447 1848/1737/1447 1164/1738/1447
f 1118/1736/1448 343/1725/1448 1162/1727/1448 1848/1737/1448
f 1848/1737/1449 1162/1727/1449 358/1729/1449 1147/1739/1449
f 1164/1738/1450 1848/1737/1450 1147/1739/1450 359/1740/1450
f 352/1643/1451 1126/1741/1451 1849/1742/1451 1165/1743/1451
f 1126/1741/1452 351/1730/1452 1163/1732/1452 1849/1742/1452
f 1849/1742/1453 1163/1732/1453 366/1734/1453 1155/1744/1453
f 1165/1743/1454 1849/1742/1454 1155/1744/1454 367/1745/1454
f 345/1746/1455 1119/1747/1455 1850/1748/1455 1166/1749/1455
f 1119/1747/1456 344/1735/1456 1164/1738/1456 1850/1748/1456
f 1850/1748/1457 1164/1738/1457 359/1740/1457 1148/1750/1457
f 1166/1749/1458 1850/1748/1458 1148/1750/1458 360/1751/1458
f 353/1645/1459 1127/1644/1459 1851/1752/1459 1167/1753/1459
f 1127/1644/1460 352/1643/1460 1165/1743/1460 1851/1752/1460
f 1851/1752/1461 1165/1743/1461 367/1745/1461 1156/1754/1461
f 1167/1753/1462 1851/1752/1462 1156/1754/1462 368/1755/1462
f 346/1756/1463 1120/1757/1463 1852/1758/1463 1168/1759/1463
f 1120/1757/1464 345/1746/1464 1166/1749/1464 1852/1758/1464
f 1852/1758/1465 1166/1749/1465 360/1751/1465 1149/1760/1465
f 1168/1759/1466 1852/1758/1466 1149/1760/1466 361/1761/1466
f 339/1655/1467 1451/1762/1467 1853/1763/1467 1169/1764/1467
f 1/1765/1468 1453/1766/1468 1853/1763/1468 1451/1767/1468
f 354/1768/1469 1169/1769/1469 1853/1763/1469 1453/1766/1469
f 8/1770/1470 1452/1771/1470 1854/1772/1470 1454/1773/1470
f 353/1645/1471 1167/1753/1471 1854/1772/1471 1452/1774/1471
f 368/1755/1472 1454/1773/1472 1854/1772/1472 1167/1753/1472
f 347/1775/1473 1121/1663/1473 1855/1776/1473 1170/1777/1473
f 1121/1663/1474 346/1756/1474 1168/1759/1474 1855/1776/1474
f 1855/1776/1475 1168/1759/1475 361/1761/1475 1150/1778/1475
f 1170/1777/1476 1855/1776/1476 1150/1778/1476 362/1779/1476
f 340/1668/1477 1114/1667/1477 1856/1780/1477 1171/1781/1477
f 1114/1667/1478 339/1655/1478 1169/1764/1478 1856/1780/1478
f 1856/1780/1479 1169/1764/1479 354/1768/1479 1143/1782/1479
f 1171/1781/1480 1856/1780/1480 1143/1782/1480 355/1783/1480
f 348/1672/1481 1122/1784/1481 1857/1785/1481 1158/1707/1481
f 1122/1784/1482 347/1775/1482 1170/1777/1482 1857/1785/1482
f 1857/1785/1483 1170/1777/1483 362/1779/1483 1151/1786/1483
f 1158/1707/1484 1857/1785/1484 1151/1786/1484 363/1708/1484
f 341/1714/1485 1115/1787/1485 1858/1788/1485 1160/1715/1485
f 1115/1787/1486 340/1668/1486 1171/1781/1486 1858/1788/1486
f 1858/1788/1487 1171/1781/1487 355/1783/1487 1144/1789/1487
f 1160/1715/1488 1858/1788/1488 1144/1789/1488 356/1716/1488
f 368/1790/1489 1156/1791/1489 1859/1792/1489 1186/1793/1489
f 1156/1791/1490 367/1794/1490 1187/1795/1490 1859/1792/1490
f 1859/1792/1491 1187/1795/1491 382/1796/1491 1185/1797/1491
f 1186/1793/1492 1859/1792/1492 1185/1797/1492 383/1798/1492
f 361/1799/1493 1149/1800/1493 1860/1801/1493 1188/1802/1493
f 1149/1800/1494 360/1803/1494 1189/1804/1494 1860/1801/1494
f 1860/1801/1495 1189/1804/1495 375/1805/1495 1178/1806/1495
f 1188/1802/1496 1860/1801/1496 1178/1806/1496 376/1807/1496
f 354/1808/1497 1453/1809/1497 1861/1810/1497 1190/1811/1497
f 1/1812/1498 1455/1813/1498 1861/1810/1498 1453/1809/1498
f 369/1814/1499 1190/1815/1499 1861/1810/1499 1455/1813/1499
f 8/1816/1500 1454/1817/1500 1862/1818/1500 1456/1819/1500
f 368/1790/1501 1186/1793/1501 1862/1818/1501 1454/1817/1501
f 383/1798/1502 1456/1819/1502 1862/1818/1502 1186/1820/1502
f 362/1821/1503 1150/1822/1503 1863/1823/1503 1191/1824/1503
f 1150/1822/1504 361/1799/1504 1188/1802/1504 1863/1823/1504
f 1863/1823/1505 1188/1802/1505 376/1807/1505 1179/1825/1505
f 1191/1824/1506 1863/1823/1506 1179/1825/1506 377/1826/1506
f 355/1827/1507 1143/1828/1507 1864/1829/1507 1192/1830/1507
f 1143/1828/1508 354/1808/1508 1190/1811/1508 1864/1829/1508
f 1864/1829/1509 1190/1811/1509 369/1814/1509 1172/1831/1509
f 1192/1830/1510 1864/1829/1510 1172/1831/1510 370/1832/1510
f 363/1833/1511 1151/1834/1511 1865/1835/1511 1193/1836/1511
f 1151/1834/1512 362/1821/1512 1191/1824/1512 1865/1835/1512
f 1865/1835/1513 1191/1824/1513 377/1826/1513 1180/1837/1513
f 1193/1836/1514 1865/1835/1514 1180/1837/1514 378/1838/1514
f 356/1839/1515 1144/1840/1515 1866/1841/1515 1194/1842/1515
f 1144/1840/1516 355/1827/1516 1192/1830/1516 1866/1841/1516
f 1866/1841/1517 1192/1830/1517 370/1832/1517 1173/1843/1517
f 1194/1842/1518 1866/1841/1518 1173/1843/1518 371/1844/1518
f 364/1845/1519 1152/1846/1519 1867/1847/1519 1195/1848/1519
f 1152/1846/1520 363/1833/1520 1193/1836/1520 1867/1847/1520
f 1867/1847/1521 1193/1836/1521 378/1838/1521 1181/1849/1521
f 1195/1848/1522 1867/1847/1522 1181/1849/1522 379/1850/1522
f 357/1851/1523 1145/1852/1523 1868/1853/1523 1196/1854/1523
f 1145/1852/1524 356/1839/1524 1194/1842/1524 1868/1853/1524
f 1868/1853/1525 1194/1842/1525 371/1844/1525 1174/1855/1525
f 1196/1854/1526 1868/1853/1526 1174/1855/1526 372/1856/1526
f 365/1857/1527 1153/1858/1527 1869/1859/1527 1197/1860/1527
f 1153/1858/1528 364/1845/1528 1195/1848/1528 1869/1859/1528
f 1869/1859/1529 1195/1848/1529 379/1850/1529 1182/1861/1529
f 1197/1860/1530 1869/1859/1530 1182/1861/1530 380/1862/1530
f 358/1863/1531 1146/1864/1531 1870/1865/1531 1198/1866/1531
f 1146/1864/1532 357/1851/1532 1196/1854/1532 1870/1865/1532
f 1870/1865/1533 1196/1854/1533 372/1856/1533 1175/1867/1533
f 1198/1866/1534 1870/1865/1534 1175/1867/1534 373/1868/1534
f 366/1869/1535 1154/1870/1535 1871/1871/1535 1199/1872/1535
f 1154/1870/1536 365/1857/1536 1197/1860/1536 1871/1871/1536
f 1871/1871/1537 1197/1860/1537 380/1862/1537 1183/1873/1537
f 1199/1872/1538 1871/1871/1538 1183/1873/1538 381/1874/1538
f 359/1875/1539 1147/1876/1539 1872/1877/1539 1200/1878/1539
f 1147/1876/1540 358/1863/1540 1198/1866/1540 1872/1877/1540
f 1872/1877/1541 1198/1866/1541 373/1868/1541 1176/1879/1541
f 1200/1878/1542 1872/1877/1542 1176/1879/1542 374/1880/1542
f 367/1794/1543 1155/1881/1543 1873/1882/1543 1187/1795/1543
f 1155/1881/1544 366/1869/1544 1199/1872/1544 1873/1882/1544
f 1873/1882/1545 1199/1872/1545 381/1874/1545 1184/1883/1545
f 1187/1795/1546 1873/1882/1546 1184/1883/1546 382/1796/1546
f 360/1803/1547 1148/1884/1547 1874/1885/1547 1189/1804/1547
f 1148/1884/1548 359/1875/1548 1200/1878/1548 1874/1885/1548
f 1874/1885/1549 1200/1878/1549 374/1880/1549 1177/1886/1549
f 1189/1804/1550 1874/1885/1550 1177/1886/1550 375/1805/1550
f 380/1887/1551 1182/1888/1551 1875/1889/1551 1215/1890/1551
f 1182/1888/1552 379/1891/1552 1216/1892/1552 1875/1889/1552
f 1875/1889/1553 1216/1892/1553 394/1893/1553 1211/1894/1553
f 1215/1890/1554 1875/1889/1554 1211/1894/1554 395/1895/1554
f 373/1896/1555 1175/1897/1555 1876/1898/1555 1217/1899/1555
f 1175/1897/1556 372/1900/1556 1218/1901/1556 1876/1898/1556
f 1876/1898/1557 1218/1901/1557 387/1902/1557 1204/1903/1557
f 1217/1899/1558 1876/1898/1558 1204/1903/1558 388/1904/1558
f 381/1905/1559 1183/1906/1559 1877/1907/1559 1219/1908/1559
f 1183/1906/1560 380/1887/1560 1215/1890/1560 1877/1907/1560
f 1877/1907/1561 1215/1890/1561 395/1895/1561 1212/1909/1561
f 1219/1908/1562 1877/1907/1562 1212/1909/1562 396/1910/1562
f 374/1911/1563 1176/1912/1563 1878/1913/1563 1220/1914/1563
f 1176/1912/1564 373/1896/1564 1217/1899/1564 1878/1913/1564
f 1878/1913/1565 1217/1899/1565 388/1904/1565 1205/1915/1565
f 1220/1914/1566 1878/1913/1566 1205/1915/1566 389/1916/1566
f 382/1917/1567 1184/1918/1567 1879/1919/1567 1221/1920/1567
f 1184/1918/1568 381/1905/1568 1219/1908/1568 1879/1919/1568
f 1879/1919/1569 1219/1908/1569 396/1910/1569 1213/1921/1569
f 1221/1920/1570 1879/1919/1570 1213/1921/1570 397/1922/1570
f 375/1923/1571 1177/1924/1571 1880/1925/1571 1222/1926/1571
f 1177/1924/1572 374/1911/1572 1220/1914/1572 1880/1925/1572
f 1880/1925/1573 1220/1914/1573 389/1916/1573 1206/1927/1573
f 1222/1926/1574 1880/1925/1574 1206/1927/1574 390/1928/1574
f 383/1798/1575 1185/1797/1575 1881/1929/1575 1223/1930/1575
f 1185/1797/1576 382/1796/1576 1221/1931/1576 1881/1929/1576
f 1881/1929/1577 1221/1931/1577 397/1922/1577 1214/1932/1577
f 1223/1930/1578 1881/1929/1578 1214/1932/1578 398/1933/1578
f 376/1934/1579 1178/1935/1579 1882/1936/1579 1224/1937/1579
f 1178/1935/1580 375/1923/1580 1222/1926/1580 1882/1936/1580
f 1882/1936/1581 1222/1926/1581 390/1928/1581 1207/1938/1581
f 1224/1937/1582 1882/1936/1582 1207/1938/1582 391/1939/1582
f 369/1814/1583 1455/1940/1583 1883/1941/1583 1225/1942/1583
f 1/1943/1584 1457/1944/1584 1883/1941/1584 1455/1940/1584
f 384/1945/1585 1225/1946/1585 1883/1941/1585 1457/1944/1585
f 8/1947/1586 1456/1948/1586 1884/1949/1586 1458/1950/1586
f 383/1798/1587 1223/1930/1587 1884/1949/1587 1456/1948/1587
f 398/1933/1588 1458/1950/1588 1884/1949/1588 1223/1951/1588
f 377/1952/1589 1179/1953/1589 1885/1954/1589 1226/1955/1589
f 1179/1953/1590 376/1934/1590 1224/1937/1590 1885/1954/1590
f 1885/1954/1591 1224/1937/1591 391/1939/1591 1208/1956/1591
f 1226/1955/1592 1885/1954/1592 1208/1956/1592 392/1957/1592
f 370/1832/1593 1172/1831/1593 1886/1958/1593 1227/1959/1593
f 1172/1831/1594 369/1814/1594 1225/1942/1594 1886/1958/1594
f 1886/1958/1595 1225/1942/1595 384/1945/1595 1201/1960/1595
f 1227/1959/1596 1886/1958/1596 1201/1960/1596 385/1961/1596
f 378/1962/1597 1180/1963/1597 1887/1964/1597 1228/1965/1597
f 1180/1963/1598 377/1952/1598 1226/1955/1598 1887/1964/1598
f 1887/1964/1599 1226/1955/1599 392/1957/1599 1209/1966/1599
f 1228/1965/1600 1887/1964/1600 1209/1966/1600 393/1967/1600
f 371/1968/1601 1173/1969/1601 1888/1970/1601 1229/1971/1601
f 1173/1969/1602 370/1972/1602 1227/1973/1602 1888/1970/1602
f 1888/1970/1603 1227/1973/1603 385/1961/1603 1202/1974/1603
f 1229/1971/1604 1888/1970/1604 1202/1974/1604 386/1975/1604
f 379/1891/1605 1181/1976/1605 1889/1977/1605 1216/1892/1605
f 1181/1976/1606 378/1962/1606 1228/1965/1606 1889/1977/1606
f 1889/1977/1607 1228/1965/1607 393/1967/1607 1210/1978/1607
f 1216/1892/1608 1889/1977/1608 1210/1978/1608 394/1893/1608
f 372/1900/1609 1174/1979/1609 1890/1980/1609 1218/1901/1609
f 1174/1979/1610 371/1968/1610 1229/1971/1610 1890/1980/1610
f 1890/1980/1611 1229/1971/1611 386/1975/1611 1203/1981/1611
f 1218/1901/1612 1890/1980/1612 1203/1981/1612 387/1902/1612
f 384/1945/1613 1457/1982/1613 1891/1983/1613 1244/1984/1613
f 1/1985/1614 1459/1986/1614 1891/1983/1614 1457/1982/1614
f 399/1987/1615 1244/1988/1615 1891/1983/1615 1459/1986/1615
f 8/1989/1616 1458/1990/1616 1892/1991/1616 1460/1992/1616
f 398/1933/1617 1245/1993/1617 1892/1991/1617 1458/1990/1617
f 413/1994/1618 1460/1992/1618 1892/1991/1618 1245/1993/1618
f 392/1957/1619 1208/1956/1619 1893/1995/1619 1246/1996/1619
f 1208/1956/1620 391/1939/1620 1247/1997/1620 1893/1995/1620
f 1893/1995/1621 1247/1997/1621 406/1998/1621 1237/1999/1621
f 1246/1996/1622 1893/1995/1622 1237/1999/1622 407/2000/1622
f 385/1961/1623 1201/1960/1623 1894/2001/1623 1248/2002/1623
f 1201/1960/1624 384/1945/1624 1244/1984/1624 1894/2001/1624
f 1894/2001/1625 1244/1984/1625 399/1987/1625 1230/2003/1625
f 1248/2002/1626 1894/2001/1626 1230/2003/1626 400/2004/1626
f 393/1967/1627 1209/1966/1627 1895/2005/1627 1249/2006/1627
f 1209/1966/1628 392/1957/1628 1246/1996/1628 1895/2005/1628
f 1895/2005/1629 1246/1996/1629 407/2000/1629 1238/2007/1629
f 1249/2006/1630 1895/2005/1630 1238/2007/1630 408/2008/1630
f 386/1975/1631 1202/1974/1631 1896/2009/1631 1250/2010/1631
f 1202/1974/1632 385/1961/1632 1248/2011/1632 1896/2009/1632
f 1896/2009/1633 1248/2011/1633 400/2012/1633 1231/2013/1633
f 1250/2010/1634 1896/2009/1634 1231/2013/1634 401/2014/1634
f 394/1893/1635 1210/1978/1635 1897/2015/1635 1251/2016/1635
f 1210/1978/1636 393/1967/1636 1249/2006/1636 1897/2015/1636
f 1897/2015/1637 1249/2006/1637 408/2008/1637 1239/2017/1637
f 1251/2016/1638 1897/2015/1638 1239/2017/1638 409/2018/1638
f 387/1902/1639 1203/1981/1639 1898/2019/1639 1252/2020/1639
f 1203/1981/1640 386/1975/1640 1250/2010/1640 1898/2019/1640
f 1898/2019/1641 1250/2010/1641 401/2014/1641 1232/2021/1641
f 1252/2020/1642 1898/2019/1642 1232/2021/1642 402/2022/1642
f 395/1895/1643 1211/1894/1643 1899/2023/1643 1253/2024/1643
f 1211/1894/1644 394/1893/1644 1251/2016/1644 1899/2023/1644
f 1899/2023/1645 1251/2016/1645 409/2018/1645 1240/2025/1645
f 1253/2024/1646 1899/2023/1646 1240/2025/1646 410/2026/1646
f 388/1904/1647 1204/1903/1647 1900/2027/1647 1254/2028/1647
f 1204/1903/1648 387/1902/1648 1252/2020/1648 1900/2027/1648
f 1900/2027/1649 1252/2020/1649 402/2022/1649 1233/2029/1649
f 1254/2028/1650 1900/2027/1650 1233/2029/1650 403/2030/1650
f 396/1910/1651 1212/1909/1651 1901/2031/1651 1255/2032/1651
f 1212/1909/1652 395/1895/1652 1253/2024/1652 1901/2031/1652
f 1901/2031/1653 1253/2024/1653 410/2026/1653 1241/2033/1653
f 1255/2032/1654 1901/2031/1654 1241/2033/1654 411/2034/1654
f 389/1916/1655 1205/1915/1655 1902/2035/1655 1256/2036/1655
f 1205/1915/1656 388/1904/1656 1254/2028/1656 1902/2035/1656
f 1902/2035/1657 1254/2028/1657 403/2030/1657 1234/2037/1657
f 1256/2036/1658 1902/2035/1658 1234/2037/1658 404/2038/1658
f 397/1922/1659 1213/1921/1659 1903/2039/1659 1257/2040/1659
f 1213/1921/1660 396/1910/1660 1255/2032/1660 1903/2039/1660
f 1903/2039/1661 1255/2032/1661 411/2034/1661 1242/2041/1661
f 1257/2040/1662 1903/2039/1662 1242/2041/1662 412/2042/1662
f 390/1928/1663 1206/1927/1663 1904/2043/1663 1258/2044/1663
f 1206/1927/1664 389/1916/1664 1256/2036/1664 1904/2043/1664
f 1904/2043/1665 1256/2036/1665 404/2038/1665 1235/2045/1665
f 1258/2044/1666 1904/2043/1666 1235/2045/1666 405/2046/1666
f 398/1933/1667 1214/1932/1667 1905/2047/1667 1245/2048/1667
f 1214/1932/1668 397/1922/1668 1257/2049/1668 1905/2047/1668
f 1905/2047/1669 1257/2049/1669 412/2050/1669 1243/2051/1669
f 1245/2048/1670 1905/2047/1670 1243/2051/1670 413/1994/1670
f 391/1939/1671 1207/1938/1671 1906/2052/1671 1247/1997/1671
f 1207/1938/1672 390/1928/1672 1258/2044/1672 1906/2052/1672
f 1906/2052/1673 1258/2044/1673 405/2046/1673 1236/2053/1673
f 1247/1997/1674 1906/2052/1674 1236/2053/1674 406/1998/1674
f 403/2030/1675 1233/2029/1675 1907/2054/1675 1273/2055/1675
f 1233/2029/1676 402/2022/1676 1274/2056/1676 1907/2054/1676
f 1907/2054/1677 1274/2056/1677 417/2057/1677 1262/2058/1677
f 1273/2055/1678 1907/2054/1678 1262/2058/1678 418/2059/1678
f 411/2034/1679 1241/2033/1679 1908/2060/1679 1275/2061/1679
f 1241/2033/1680 410/2026/1680 1276/2062/1680 1908/2060/1680
f 1908/2060/1681 1276/2062/1681 425/2063/1681 1270/2064/1681
f 1275/2061/1682 1908/2060/1682 1270/2064/1682 426/2065/1682
f 404/2038/1683 1234/2037/1683 1909/2066/1683 1277/2067/1683
f 1234/2037/1684 403/2030/1684 1273/2055/1684 1909/2066/1684
f 1909/2066/1685 1273/2055/1685 418/2059/1685 1263/2068/1685
f 1277/2067/1686 1909/2066/1686 1263/2068/1686 419/2069/1686
f 412/2042/1687 1242/2041/1687 1910/2070/1687 1278/2071/1687
f 1242/2041/1688 411/2034/1688 1275/2061/1688 1910/2070/1688
f 1910/2070/1689 1275/2061/1689 426/2065/1689 1271/2072/1689
f 1278/2071/1690 1910/2070/1690 1271/2072/1690 427/2073/1690
f 405/2046/1691 1235/2045/1691 1911/2074/1691 1279/2075/1691
f 1235/2045/1692 404/2038/1692 1277/2067/1692 1911/2074/1692
f 1911/2074/1693 1277/2067/1693 419/2069/1693 1264/2076/1693
f 1279/2075/1694 1911/2074/1694 1264/2076/1694 420/2077/1694
f 413/1994/1695 1243/2051/1695 1912/2078/1695 1280/2079/1695
f 1243/2051/1696 412/2050/1696 1278/2080/1696 1912/2078/1696
f 1912/2078/1697 1278/2080/1697 427/2073/1697 1272/2081/1697
f 1280/2079/1698 1912/2078/1698 1272/2081/1698 428/2082/1698
f 406/1998/1699 1236/2053/1699 1913/2083/1699 1281/2084/1699
f 1236/2053/1700 405/2046/1700 1279/2075/1700 1913/2083/1700
f 1913/2083/1701 1279/2075/1701 420/2077/1701 1265/2085/1701
f 1281/2084/1702 1913/2083/1702 1265/2085/1702 421/2086/1702
f 399/1987/1703 1459/2087/1703 1914/2088/1703 1282/2089/1703
f 1/2090/1704 1461/2091/1704 1914/2088/1704 1459/2087/1704
f 414/2092/1705 1282/2093/1705 1914/2088/1705 1461/2091/1705
f 8/2094/1706 1460/2095/1706 1915/2096/1706 1462/2097/1706
f 413/1994/1707 1280/2079/1707 1915/2096/1707 1460/2095/1707
f 428/2082/1708 1462/2097/1708 1915/2096/1708 1280/2079/1708
f 407/2000/1709 1237/1999/1709 1916/2098/1709 1283/2099/1709
f 1237/1999/1710 406/1998/1710 1281/2084/1710 1916/2098/1710
f 1916/2098/1711 1281/2084/1711 421/2086/1711 1266/2100/1711
f 1283/2099/1712 1916/2098/1712 1266/2100/1712 422/2101/1712
f 400/2004/1713 1230/2003/1713 1917/2102/1713 1284/2103/1713
f 1230/2003/1714 399/1987/1714 1282/2089/1714 1917/2102/1714
f 1917/2102/1715 1282/2089/1715 414/2092/1715 1259/2104/1715
f 1284/2103/1716 1917/2102/1716 1259/2104/1716 415/2105/1716
f 408/2008/1717 1238/2007/1717 1918/2106/1717 1285/2107/1717
f 1238/2007/1718 407/2000/1718 1283/2099/1718 1918/2106/1718
f 1918/2106/1719 1283/2099/1719 422/2101/1719 1267/2108/1719
f 1285/2107/1720 1918/2106/1720 1267/2108/1720 423/2109/1720
f 401/2014/1721 1231/2013/1721 1919/2110/1721 1286/2111/1721
f 1231/2013/1722 400/2012/1722 1284/2112/1722 1919/2110/1722
f 1919/2110/1723 1284/2112/1723 415/2113/1723 1260/2114/1723
f 1286/2111/1724 1919/2110/1724 1260/2114/1724 416/2115/1724
f 409/2018/1725 1239/2017/1725 1920/2116/1725 1287/2117/1725
f 1239/2017/1726 408/2008/1726 1285/2107/1726 1920/2116/1726
f 1920/2116/1727 1285/2107/1727 423/2109/1727 1268/2118/1727
f 1287/2117/1728 1920/2116/1728 1268/2118/1728 424/2119/1728
f 402/2022/1729 1232/2021/1729 1921/2120/1729 1274/2056/1729
f 1232/2021/1730 401/2014/1730 1286/2111/1730 1921/2120/1730
f 1921/2120/1731 1286/2111/1731 416/2115/1731 1261/2121/1731
f 1274/2056/1732 1921/2120/1732 1261/2121/1732 417/2057/1732
f 410/2026/1733 1240/2025/1733 1922/2122/1733 1276/2062/1733
f 1240/2025/1734 409/2018/1734 1287/2117/1734 1922/2122/1734
f 1922/2122/1735 1287/2117/1735 424/2119/1735 1269/2123/1735
f 1276/2062/1736 1922/2122/1736 1269/2123/1736 425/2063/1736
f 422/2101/1737 1266/2100/1737 1923/2124/1737 1302/2125/1737
f 1266/2100/1738 421/2086/1738 1303/2126/1738 1923/2124/1738
f 1923/2124/1739 1303/2126/1739 436/2127/1739 1295/2128/1739
f 1302/2125/1740 1923/2124/1740 1295/2128/1740 437/2129/1740
f 415/2105/1741 1259/2104/1741 1924/2130/1741 1304/2131/1741
f 1259/2104/1742 414/2092/1742 1305/2132/1742 1924/2130/1742
f 1924/2130/1743 1305/2132/1743 429/2133/1743 1288/2134/1743
f 1304/2131/1744 1924/2130/1744 1288/2134/1744 430/2135/1744
f 423/2109/1745 1267/2108/1745 1925/2136/1745 1306/2137/1745
f 1267/2108/1746 422/2101/1746 1302/2125/1746 1925/2136/1746
f 1925/2136/1747 1302/2125/1747 437/2129/1747 1296/2138/1747
f 1306/2137/1748 1925/2136/1748 1296/2138/1748 438/2139/1748
f 416/2115/1749 1260/2114/1749 1926/2140/1749 1307/2141/1749
f 1260/2114/1750 415/2113/1750 1304/2142/1750 1926/2140/1750
f 1926/2140/1751 1304/2142/1751 430/2143/1751 1289/2144/1751
f 1307/2141/1752 1926/2140/1752 1289/2144/1752 431/2145/1752
f 424/2119/1753 1268/2118/1753 1927/2146/1753 1308/2147/1753
f 1268/2118/1754 423/2109/1754 1306/2137/1754 1927/2146/1754
f 1927/2146/1755 1306/2137/1755 438/2139/1755 1297/2148/1755
f 1308/2147/1756 1927/2146/1756 1297/2148/1756 439/2149/1756
f 417/2057/1757 1261/2121/1757 1928/2150/1757 1309/2151/1757
f 1261/2121/1758 416/2115/1758 1307/2141/1758 1928/2150/1758
f 1928/2150/1759 1307/2141/1759 431/2145/1759 1290/2152/1759
f 1309/2151/1760 1928/2150/1760 1290/2152/1760 432/2153/1760
f 425/2063/1761 1269/2123/1761 1929/2154/1761 1310/2155/1761
f 1269/2123/1762 424/2119/1762 1308/2147/1762 1929/2154/1762
f 1929/2154/1763 1308/2147/1763 439/2149/1763 1298/2156/1763
f 1310/2155/1764 1929/2154/1764 1298/2156/1764 440/2157/1764
f 418/2059/1765 1262/2058/1765 1930/2158/1765 1311/2159/1765
f 1262/2058/1766 417/2057/1766 1309/2151/1766 1930/2158/1766
f 1930/2158/1767 1309/2151/1767 432/2153/1767 1291/2160/1767
f 1311/2159/1768 1930/2158/1768 1291/2160/1768 433/2161/1768
f 426/2065/1769 1270/2064/1769 1931/2162/1769 1312/2163/1769
f 1270/2064/1770 425/2063/1770 1310/2155/1770 1931/2162/1770
f 1931/2162/1771 1310/2155/1771 440/2157/1771 1299/2164/1771
f 1312/2163/1772 1931/2162/1772 1299/2164/1772 441/2165/1772
f 419/2069/1773 1263/2068/1773 1932/2166/1773 1313/2167/1773
f 1263/2068/1774 418/2059/1774 1311/2159/1774 1932/2166/1774
f 1932/2166/1775 1311/2159/1775 433/2161/1775 1292/2168/1775
f 1313/2167/1776 1932/2166/1776 1292/2168/1776 434/2169/1776
f 427/2073/1777 1271/2072/1777 1933/2170/1777 1314/2171/1777
f 1271/2072/1778 426/2065/1778 1312/2163/1778 1933/2170/1778
f 1933/2170/1779 1312/2163/1779 441/2165/1779 1300/2172/1779
f 1314/2171/1780 1933/2170/1780 1300/2172/1780 442/2173/1780
f 420/2077/1781 1264/2076/1781 1934/2174/1781 1315/2175/1781
f 1264/2076/1782 419/2069/1782 1313/2167/1782 1934/2174/1782
f 1934/2174/1783 1313/2167/1783 434/2169/1783 1293/2176/1783
f 1315/2175/1784 1934/2174/1784 1293/2176/1784 435/2177/1784
f 428/2082/1785 1272/2081/1785 1935/2178/1785 1316/2179/1785
f 1272/2081/1786 427/2073/1786 1314/2180/1786 1935/2178/1786
f 1935/2178/1787 1314/2180/1787 442/2181/1787 1301/2182/1787
f 1316/2179/1788 1935/2178/1788 1301/2182/1788 443/2183/1788
f 421/2086/1789 1265/2085/1789 1936/2184/1789 1303/2126/1789
f 1265/2085/1790 420/2077/1790 1315/2175/1790 1936/2184/1790
f 1936/2184/1791 1315/2175/1791 435/2177/1791 1294/2185/1791
f 1303/2126/1792 1936/2184/1792 1294/2185/1792 436/2127/1792
f 414/2092/1793 1461/2186/1793 1937/2187/1793 1305/2132/1793
f 1/2188/1794 1463/2189/1794 1937/2187/1794 1461/2190/1794
f 429/2133/1795 1305/2191/1795 1937/2187/1795 1463/2189/1795
f 8/2192/1796 1462/2193/1796 1938/2194/1796 1464/2195/1796
f 428/2082/1797 1316/2196/1797 1938/2194/1797 1462/2197/1797
f 443/2183/1798 1464/2195/1798 1938/2194/1798 1316/2198/1798
f 441/2165/1799 1299/2164/1799 1939/2199/1799 1331/2200/1799
f 1299/2164/1800 440/2157/1800 1332/2201/1800 1939/2199/1800
f 1939/2199/1801 1332/2201/1801 455/2202/1801 1328/2203/1801
f 1331/2200/1802 1939/2199/1802 1328/2203/1802 456/2204/1802
f 434/2169/1803 1292/2168/1803 1940/2205/1803 1333/2206/1803
f 1292/2168/1804 433/2161/1804 1334/2207/1804 1940/2205/1804
f 1940/2205/1805 1334/2207/1805 448/2208/1805 1321/2209/1805
f 1333/2206/1806 1940/2205/1806 1321/2209/1806 449/2210/1806
f 442/2173/1807 1300/2172/1807 1941/2211/1807 1335/2212/1807
f 1300/2172/1808 441/2165/1808 1331/2200/1808 1941/2211/1808
f 1941/2211/1809 1331/2200/1809 456/2204/1809 1329/2213/1809
f 1335/2212/1810 1941/2211/1810 1329/2213/1810 457/2214/1810
f 435/2177/1811 1293/2176/1811 1942/2215/1811 1336/2216/1811
f 1293/2176/1812 434/2169/1812 1333/2206/1812 1942/2215/1812
f 1942/2215/1813 1333/2206/1813 449/2210/1813 1322/2217/1813
f 1336/2216/1814 1942/2215/1814 1322/2217/1814 450/2218/1814
f 443/2183/1815 1301/2182/1815 1943/2219/1815 1337/2220/1815
f 1301/2182/1816 442/2181/1816 1335/2212/1816 1943/2219/1816
f 1943/2219/1817 1335/2212/1817 457/2221/1817 1330/2222/1817
f 1337/2220/1818 1943/2219/1818 1330/2222/1818 458/2223/1818
f 436/2127/1819 1294/2185/1819 1944/2224/1819 1338/2225/1819
f 1294/2185/1820 435/2177/1820 1336/2216/1820 1944/2224/1820
f 1944/2224/1821 1336/2216/1821 450/2218/1821 1323/2226/1821
f 1338/2225/1822 1944/2224/1822 1323/2226/1822 451/2227/1822
f 429/2133/1823 1463/2228/1823 1945/2229/1823 1339/2230/1823
f 1/2231/1824 1465/2232/1824 1945/2229/1824 1463/2228/1824
f 444/2233/1825 1339/2234/1825 1945/2229/1825 1465/2235/1825
f 8/2236/1826 1464/2237/1826 1946/2238/1826 1466/2239/1826
f 443/2183/1827 1337/2240/1827 1946/2238/1827 1464/2237/1827
f 458/2223/1828 1466/2241/1828 1946/2238/1828 1337/2242/1828
f 437/2129/1829 1295/2128/1829 1947/2243/1829 1340/2244/1829
f 1295/2128/1830 436/2127/1830 1338/2225/1830 1947/2243/1830
f 1947/2243/1831 1338/2225/1831 451/2227/1831 1324/2245/1831
f 1340/2244/1832 1947/2243/1832 1324/2245/1832 452/2246/1832
f 430/2135/1833 1288/2134/1833 1948/2247/1833 1341/2248/1833
f 1288/2134/1834 429/2133/1834 1339/2230/1834 1948/2247/1834
f 1948/2247/1835 1339/2230/1835 444/2233/1835 1317/2249/1835
f 1341/2248/1836 1948/2247/1836 1317/2249/1836 445/2250/1836
f 438/2139/1837 1296/2138/1837 1949/2251/1837 1342/2252/1837
f 1296/2138/1838 437/2129/1838 1340/2244/1838 1949/2251/1838
f 1949/2251/1839 1340/2244/1839 452/2246/1839 1325/2253/1839
f 1342/2252/1840 1949/2251/1840 1325/2253/1840 453/2254/1840
f 431/2145/1841 1289/2144/1841 1950/2255/1841 1343/2256/1841
f 1289/2144/1842 430/2143/1842 1341/2257/1842 1950/2255/1842
f 1950/2255/1843 1341/2257/1843 445/2250/1843 1318/2258/1843
f 1343/2256/1844 1950/2255/1844 1318/2258/1844 446/2259/1844
f 439/2149/1845 1297/2148/1845 1951/2260/1845 1344/2261/1845
f 1297/2148/1846 438/2139/1846 1342/2252/1846 1951/2260/1846
f 1951/2260/1847 1342/2252/1847 453/2254/1847 1326/2262/1847
f 1344/2261/1848 1951/2260/1848 1326/2262/1848 454/2263/1848
f 432/2153/1849 1290/2152/1849 1952/2264/1849 1345/2265/1849
f 1290/2152/1850 431/2145/1850 1343/2256/1850 1952/2264/1850
f 1952/2264/1851 1343/2256/1851 446/2259/1851 1319/2266/1851
f 1345/2265/1852 1952/2264/1852 1319/2266/1852 447/2267/1852
f 440/2157/1853 1298/2156/1853 1953/2268/1853 1332/2201/1853
f 1298/2156/1854 439/2149/1854 1344/2261/1854 1953/2268/1854
f 1953/2268/1855 1344/2261/1855 454/2263/1855 1327/2269/1855
f 1332/2201/1856 1953/2268/1856 1327/2269/1856 455/2202/1856
f 433/2161/1857 1291/2160/1857 1954/2270/1857 1334/2207/1857
f 1291/2160/1858 432/2153/1858 1345/2265/1858 1954/2270/1858
f 1954/2270/1859 1345/2265/1859 447/2267/1859 1320/2271/1859
f 1334/2207/1860 1954/2270/1860 1320/2271/1860 448/2208/1860
f 445/2250/1861 1317/2249/1861 1955/2272/1861 1360/2273/1861
f 1317/2249/1862 444/2233/1862 1361/2274/1862 1955/2272/1862
f 1955/2272/1863 1361/2274/1863 459/2275/1863 1346/2276/1863
f 1360/2273/1864 1955/2272/1864 1346/2276/1864 460/2277/1864
f 453/2254/1865 1325/2253/1865 1956/2278/1865 1362/2279/1865
f 1325/2253/1866 452/2246/1866 1363/2280/1866 1956/2278/1866
f 1956/2278/1867 1363/2280/1867 467/2281/1867 1354/2282/1867
f 1362/2279/1868 1956/2278/1868 1354/2282/1868 468/2283/1868
f 446/2259/1869 1318/2258/1869 1957/2284/1869 1364/2285/1869
f 1318/2258/1870 445/2250/1870 1360/2286/1870 1957/2284/1870
f 1957/2284/1871 1360/2286/1871 460/2287/1871 1347/2288/1871
f 1364/2285/1872 1957/2284/1872 1347/2288/1872 461/2289/1872
f 454/2263/1873 1326/2262/1873 1958/2290/1873 1365/2291/1873
f 1326/2262/1874 453/2254/1874 1362/2279/1874 1958/2290/1874
f 1958/2290/1875 1362/2279/1875 468/2283/1875 1355/2292/1875
f 1365/2291/1876 1958/2290/1876 1355/2292/1876 469/2293/1876
f 447/2267/1877 1319/2266/1877 1959/2294/1877 1366/2295/1877
f 1319/2266/1878 446/2259/1878 1364/2285/1878 1959/2294/1878
f 1959/2294/1879 1364/2285/1879 461/2289/1879 1348/2296/1879
f 1366/2295/1880 1959/2294/1880 1348/2296/1880 462/2297/1880
f 455/2202/1881 1327/2269/1881 1960/2298/1881 1367/2299/1881
f 1327/2269/1882 454/2263/1882 1365/2291/1882 1960/2298/1882
f 1960/2298/1883 1365/2291/1883 469/2293/1883 1356/2300/1883
f 1367/2299/1884 1960/2298/1884 1356/2300/1884 470/2301/1884
f 448/2208/1885 1320/2271/1885 1961/2302/1885 1368/2303/1885
f 1320/2271/1886 447/2267/1886 1366/2295/1886 1961/2302/1886
f 1961/2302/1887 1366/2295/1887 462/2297/1887 1349/2304/1887
f 1368/2303/1888 1961/2302/1888 1349/2304/1888 463/2305/1888
f 456/2204/1889 1328/2203/1889 1962/2306/1889 1369/2307/1889
f 1328/2203/1890 455/2202/1890 1367/2299/1890 1962/2306/1890
f 1962/2306/1891 1367/2299/1891 470/2301/1891 1357/2308/1891
f 1369/2307/1892 1962/2306/1892 1357/2308/1892 471/2309/1892
f 449/2210/1893 1321/2209/1893 1963/2310/1893 1370/2311/1893
f 1321/2209/1894 448/2208/1894 1368/2303/1894 1963/2310/1894
f 1963/2310/1895 1368/2303/1895 463/2305/1895 1350/2312/1895
f 1370/2311/1896 1963/2310/1896 1350/2312/1896 464/2313/1896
f 457/2214/1897 1329/2213/1897 1964/2314/1897 1371/2315/1897
f 1329/2213/1898 456/2204/1898 1369/2307/1898 1964/2314/1898
f 1964/2314/1899 1369/2307/1899 471/2309/1899 1358/2316/1899
f 1371/2315/1900 1964/2314/1900 1358/2316/1900 472/2317/1900
f 450/2218/1901 1322/2217/1901 1965/2318/1901 1372/2319/1901
f 1322/2217/1902 449/2210/1902 1370/2311/1902 1965/2318/1902
f 1965/2318/1903 1370/2311/1903 464/2313/1903 1351/2320/1903
f 1372/2319/1904 1965/2318/1904 1351/2320/1904 465/2321/1904
f 458/2223/1905 1330/2222/1905 1966/2322/1905 1373/2323/1905
f 1330/2222/1906 457/2221/1906 1371/2324/1906 1966/2322/1906
f 1966/2322/1907 1371/2324/1907 472/2325/1907 1359/2326/1907
f 1373/2323/1908 1966/2322/1908 1359/2326/1908 473/2327/1908
f 451/2227/1909 1323/2226/1909 1967/2328/1909 1374/2329/1909
f 1323/2226/1910 450/2218/1910 1372/2319/1910 1967/2328/1910
f 1967/2328/1911 1372/2319/1911 465/2321/1911 1352/2330/1911
f 1374/2329/1912 1967/2328/1912 1352/2330/1912 466/2331/1912
f 444/2233/1913 1465/2332/1913 1968/2333/1913 1361/2274/1913
f 1/2334/1914 1467/2335/1914 1968/2333/1914 1465/2332/1914
f 459/2275/1915 1361/2336/1915 1968/2333/1915 1467/2335/1915
f 8/2337/1916 1466/2338/1916 1969/2339/1916 1468/2340/1916
f 458/2223/1917 1373/2341/1917 1969/2339/1917 1466/2342/1917
f 473/2327/1918 1468/2343/1918 1969/2339/1918 1373/2344/1918
f 452/2246/1919 1324/2245/1919 1970/2345/1919 1363/2280/1919
f 1324/2245/1920 451/2227/1920 1374/2329/1920 1970/2345/1920
f 1970/2345/1921 1374/2329/1921 466/2331/1921 1353/2346/1921
f 1363/2280/1922 1970/2345/1922 1353/2346/1922 467/2281/1922
f 464/2313/1923 1350/2312/1923 1971/2347/1923 1379/2348/1923
f 1350/2312/1924 463/2305/1924 1469/2349/1924 1971/2347/1924
f 1971/2347/1925 1469/2349/1925 3/14/1925 1392/11/1925
f 1379/2348/1926 1971/2347/1926 1392/11/1926 477/10/1926
f 472/2317/1927 1358/2316/1927 1972/2350/1927 1380/2351/1927
f 1358/2316/1928 471/2309/1928 1381/2352/1928 1972/2350/1928
f 1972/2350/1929 1381/2352/1929 480/1/1929 1377/20/1929
f 1380/2351/1930 1972/2350/1930 1377/20/1930 481/19/1930
f 465/2321/1931 1351/2320/1931 1973/2353/1931 1470/2354/1931
f 1351/2320/1932 464/2313/1932 1379/2348/1932 1973/2353/1932
f 1973/2353/1933 1379/2348/1933 477/10/1933 1393/26/1933
f 1470/2354/1934 1973/2353/1934 1393/26/1934 4/25/1934
f 473/2327/1935 1359/2326/1935 1974/2355/1935 1382/2356/1935
f 1359/2326/1936 472/2325/1936 1380/2357/1936 1974/2355/1936
f 1974/2355/1937 1380/2357/1937 481/35/1937 1378/32/1937
f 1382/2356/1938 1974/2355/1938 1378/32/1938 482/31/1938
f 466/2331/1939 1352/2330/1939 1975/2358/1939 1471/2359/1939
f 1352/2330/1940 465/2321/1940 1470/2354/1940 1975/2358/1940
f 1975/2358/1941 1470/2354/1941 4/25/1941 483/41/1941
f 1471/2359/1942 1975/2358/1942 483/41/1942 5/40/1942
f 459/2275/1943 1467/2360/1943 1976/2361/1943 1383/2362/1943
f 1/2363/1944 1388/2364/1944 1976/2361/1944 1467/2365/1944
f 474/46/1945 1383/2366/1945 1976/2361/1945 1388/2364/1945
f 8/2367/1946 1468/2368/1946 1977/2369/1946 1397/2370/1946
f 473/2327/1947 1382/2371/1947 1977/2369/1947 1468/2372/1947
f 482/31/1948 1397/2373/1948 1977/2369/1948 1382/2374/1948
f 467/2281/1949 1353/2346/1949 1978/2375/1949 1472/2376/1949
f 1353/2346/1950 466/2331/1950 1471/2359/1950 1978/2375/1950
f 1978/2375/1951 1471/2359/1951 5/40/1951 484/63/1951
f 1472/2376/1952 1978/2375/1952 484/63/1952 6/62/1952
f 460/2277/1953 1346/2276/1953 1979/2377/1953 1384/2378/1953
f 1346/2276/1954 459/2275/1954 1383/2362/1954 1979/2377/1954
f 1979/2377/1955 1383/2362/1955 474/46/1955 1375/69/1955
f 1384/2378/1956 1979/2377/1956 1375/69/1956 475/68/1956
f 468/2283/1957 1354/2282/1957 1980/2379/1957 1385/2380/1957
f 1354/2282/1958 467/2281/1958 1472/2376/1958 1980/2379/1958
f 1980/2379/1959 1472/2376/1959 6/62/1959 1394/75/1959
f 1385/2380/1960 1980/2379/1960 1394/75/1960 478/74/1960
f 461/2289/1961 1347/2288/1961 1981/2381/1961 1473/2382/1961
f 1347/2288/1962 460/2287/1962 1384/2383/1962 1981/2381/1962
f 1981/2381/1963 1384/2383/1963 475/84/1963 1389/81/1963
f 1473/2382/1964 1981/2381/1964 1389/81/1964 2/80/1964
f 469/2293/1965 1355/2292/1965 1982/2384/1965 1474/2385/1965
f 1355/2292/1966 468/2283/1966 1385/2380/1966 1982/2384/1966
f 1982/2384/1967 1385/2380/1967 478/74/1967 1395/89/1967
f 1474/2385/1968 1982/2384/1968 1395/89/1968 7/88/1968
f 462/2297/1969 1348/2296/1969 1983/2386/1969 1386/2387/1969
f 1348/2296/1970 461/2289/1970 1473/2382/1970 1983/2386/1970
f 1983/2386/1971 1473/2382/1971 2/80/1971 1390/95/1971
f 1386/2387/1972 1983/2386/1972 1390/95/1972 476/94/1972
f 470/2301/1973 1356/2300/1973 1984/2388/1973 1387/2389/1973
f 1356/2300/1974 469/2293/1974 1474/2385/1974 1984/2388/1974
f 1984/2388/1975 1474/2385/1975 7/88/1975 1396/100/1975
f 1387/2389/1976 1984/2388/1976 1396/100/1976 479/5/1976
f 463/2305/1977 1349/2304/1977 1985/2390/1977 1469/2349/1977
f 1349/2304/1978 462/2297/1978 1386/2387/1978 1985/2390/1978
f 1985/2390/1979 1386/2387/1979 476/94/1979 1391/103/1979
f 1469/2349/1980 1985/2390/1980 1391/103/1980 3/14/1980
f 471/2309/1981 1357/2308/1981 1986/2391/1981 1381/2352/1981
f 1357/2308/1982 470/2301/1982 1387/2389/1982 1986/2391/1982
f 1986/2391/1983 1387/2389/1983 479/5/1983 1376/2/1983
f 1381/2352/1984 1986/2391/1984 1376/2/1984 480/1/1984
